Composer,Name,Style,Trajectory Type,Kalz Centrality,Global Clustering,Square Clustering,Harmonic Centrality,Betweenness Centrality,Closeness Centrality,Tonnetz
bach,,barok,Trajectory With Future,0.14269823482158336,0.2955128205128205,0.30965464854182545,13.346414696414689,0.12345326480106605,0.0721497919556172,"[3, 4, 5]"
bach,,barok,Trajectory With Future,0.21387649152995733,0.15967741935483873,0.3221177703088909,13.00238095238095,0.11502732240437158,0.14324367340442462,"[2, 3, 7]"
bach,,barok,Trajectory With Future,0.19733424267772245,0.2942857142857143,0.40241732190705043,13.517460317460316,0.12441181545081798,0.1241009125067096,"[3, 4, 5]"
bach,,barok,Trajectory With Future,0.20956538823892973,0.3017241379310345,0.44692595193569445,13.433333333333334,0.08670835390803289,0.17410615145458583,"[3, 4, 5]"
bach,,barok,Trajectory With Future,0.21513965976178584,0.18817204301075272,0.3058538312054549,13.716666666666665,0.09049998001249952,0.15864621893178213,"[2, 3, 7]"
bach,,barok,Trajectory With Future,0.17005474734944168,0.27692307692307694,0.3217460731067917,13.359126984126975,0.12320574162679426,0.11434906556857777,"[3, 4, 5]"
bach,,barok,Trajectory With Future,0.21496871784369156,0.2827586206896551,0.3500726199764912,12.959523809523809,0.08395989974937343,0.15809639040129056,"[3, 4, 5]"
bach,,barok,Trajectory With Future,0.2002659660468879,0.27892156862745093,0.279640143014336,13.325793650793646,0.08852801434587773,0.12407428506323344,"[3, 4, 5]"
bach,,barok,Trajectory With Future,0.21278057553386998,0.2724358974358974,0.3765900113365014,11.459523809523809,0.08980392156862745,0.1591545709192768,"[3, 4, 5]"
bach,,barok,Trajectory With Future,0.14057352234728945,0.22694444444444442,0.3389656402606763,12.249999999999996,0.02399943028058681,0.07211456010975818,"[3, 4, 5]"
bach,,barok,Trajectory With Future,0.2152380141288784,0.3091954022988505,0.4177938662040049,12.792857142857143,0.10766499582289055,0.15114709851551958,"[3, 4, 5]"
bach,,barok,Trajectory With Future,0.1808823237774155,0.2717054263565891,0.3364729368954146,14.815873015873013,0.1310224089635854,0.11658955717118308,"[3, 4, 5]"
bach,,barok,Trajectory With Future,0.19089074126981945,0.15203252032520323,0.31479774085689133,15.810714285714282,0.12613168724279833,0.13529511246406223,"[2, 3, 7]"
bach,,barok,Trajectory With Future,0.25274347633082844,0.20075757575757577,0.3726029754689456,12.083333333333336,0.08522122027105414,0.2229524772497472,"[2, 3, 7]"
bach,,barok,Trajectory With Future,0.2098432720919017,0.2786666666666667,0.2884887123286975,10.609523809523804,0.09503906256054484,0.14512471655328796,"[3, 4, 5]"
bach,,barok,Trajectory With Future,0.141880941561344,0.2517730496453901,0.2797477490565738,12.568763181263172,0.12342215988779805,0.07927765913603836,"[3, 4, 5]"
bach,,barok,Trajectory With Future,0.2080928713407994,0.2511904761904762,0.33291401588040187,11.676190476190472,0.09459485670763887,0.14727272727272728,"[3, 4, 5]"
bach,,barok,Trajectory With Future,0.2559340214399231,0.2349206349206349,0.44058733445636167,11.66666666666667,0.10566492450638794,0.22688598979013044,"[2, 3, 7]"
bach,,barok,Trajectory With Future,0.2234705493614957,0.28400000000000003,0.3816720109919401,11.516666666666666,0.11989795918367346,0.16326530612244897,"[3, 4, 5]"
bach,,barok,Trajectory With Future,0.19587159517506003,0.2156862745098039,0.3149867574832395,12.742460317460313,0.13658977838082315,0.13214415726246814,"[3, 4, 5]"
bach,,barok,Trajectory With Future,0.25166447138097975,0.2341666666666667,0.3182004985561366,10.833333333333336,0.10548807917228968,0.21037296037296038,"[3, 4, 5]"
bach,,barok,Trajectory With Future,0.20783061616646564,0.23709677419354838,0.31203266130910273,12.69606782106782,0.12240437158469945,0.12719050310910118,"[3, 4, 5]"
bach,,barok,Trajectory With Future,0.19975143324563902,0.3181818181818182,0.4594856083618576,10.066666666666666,0.04134615384615385,0.12016632016632017,"[3, 4, 5]"
bach,,barok,Trajectory With Future,0.16112939595260012,0.2614814814814815,0.3070137818818998,12.109845709845704,0.10674157303370786,0.08071641217708633,"[3, 4, 5]"
bach,,barok,Trajectory With Future,0.19525007025053037,0.23431372549019602,0.3134325678938089,11.926623376623374,0.11397557666214382,0.11132692700879164,"[3, 4, 5]"
bach,,barok,Trajectory With Future,0.19509968770782915,0.27095238095238094,0.3413651447506946,13.470238095238091,0.12148337595907928,0.1373247802328344,"[3, 4, 5]"
bach,,barok,Trajectory With Future,0.15877734687387582,0.2512578616352201,0.3676830777918418,14.258730158730154,0.06593406593406594,0.08649296196466008,"[3, 4, 5]"
bach,,barok,Trajectory With Future,0.15576099989127198,0.2601694915254237,0.3351637417165462,15.484575147075137,0.12157382847038019,0.0722415496284843,"[3, 4, 5]"
bach,,barok,Trajectory With Future,0.20492098691122038,0.2585858585858586,0.3011484674512842,12.937734487734486,0.12139423076923078,0.12307692307692308,"[3, 4, 5]"
bach,,barok,Trajectory With Future,0.2811137870518209,0.26862745098039215,0.4088555522213819,10.000000000000002,0.10511363636363637,0.23507805325987147,"[3, 4, 5]"
bach,,barok,Trajectory With Future,0.18293080893115432,0.2614285714285714,0.3075202613090899,12.67261904761904,0.1395993179880648,0.122289220353327,"[3, 4, 5]"
bach,,barok,Trajectory With Future,0.23051161794220593,0.278030303030303,0.39402759394026465,9.833333333333334,0.0673821748572579,0.1752298539751217,"[3, 4, 5]"
bach,,barok,Trajectory With Future,0.19254930362135436,0.2896396396396396,0.36832750712520995,14.261904761904757,0.12005327245053271,0.1397907453349153,"[3, 4, 5]"
bach,,barok,Trajectory With Future,0.18229064746215431,0.1968253968253968,0.3177270977671427,15.119047619047613,0.12377314134587132,0.1212755212466633,"[2, 3, 7]"
bach,,barok,Trajectory With Future,0.25166447138097975,0.2341666666666667,0.3182004985561366,10.833333333333336,0.1054880791722897,0.21037296037296038,"[3, 4, 5]"
bach,,barok,Trajectory With Future,0.1585080055599169,0.19962121212121212,0.28072569237972683,12.006757131757123,0.1045175086875167,0.08030919038297445,"[3, 4, 5]"
bach,,barok,Trajectory With Future,0.20362825289124833,0.3,0.5104461782725187,13.32738095238095,0.1276442307692308,0.14065934065934066,"[3, 4, 5]"
bach,,barok,Trajectory With Future,0.18102815375882653,0.2691919191919192,0.30738780785491066,12.173015873015867,0.12283653846153847,0.11934731934731936,"[3, 4, 5]"
bach,,barok,Trajectory With Future,0.16440477801018977,0.27249999999999996,0.28853283192838297,11.961122211122206,0.12333657903278156,0.08831726860991755,"[3, 4, 5]"
bach,,barok,Trajectory With Future,0.18442095302862888,0.18407407407407408,0.30637334409801564,16.564285714285713,0.09805924412665987,0.12795769993390615,"[2, 3, 7]"
bach,,barok,Trajectory With Future,0.2027610024892935,0.27020202020202017,0.36967907035696684,13.55238095238095,0.12299679487179488,0.14453069865913903,"[3, 4, 5]"
bach,,barok,Trajectory With Future,0.2296472604236333,0.2583333333333333,0.34404539815150526,12.35,0.07890117213300604,0.17260425296879314,"[3, 4, 5]"
bach,,barok,Trajectory With Future,0.19242886672300763,0.21891891891891885,0.3007834241981473,13.515115440115437,0.1219558599695586,0.12077159630975677,"[2, 3, 7]"
bach,,barok,Trajectory With Future,0.24900801071101494,0.2777777777777778,0.4251926752495716,10.933333333333334,0.08785696688135715,0.1991040318566451,"[3, 4, 5]"
bach,,barok,Trajectory With Future,0.15860140531287684,0.2790909090909091,0.3575973495032179,13.133333333333331,0.026835904953024965,0.0846195358877496,"[3, 4, 5]"
bach,,barok,Trajectory With Future,0.20209827544421813,0.2794871794871795,0.2883808495202746,10.544047619047612,0.1180392156862745,0.13616557734204793,"[3, 4, 5]"
bach,,barok,Trajectory With Future,0.21162475964104607,0.16990740740740742,0.3761456828771704,11.66666666666667,0.029275653923541242,0.13101867016049787,"[2, 3, 7]"
bach,,barok,Trajectory With Future,0.21082043339312437,0.3037634408602151,0.44024098389032,14.3,0.12759562841530053,0.1756440281030445,"[3, 4, 5]"
bach,,barok,Trajectory With Future,0.2551416020146756,0.3375,0.442677244567501,10.66666666666667,0.0951417004048583,0.2056980056980057,"[3, 4, 5]"
bach,,barok,Trajectory With Future,0.19737771101855003,0.18999999999999997,0.2952708128905693,11.577380952380945,0.11971556594584064,0.13575464083938663,"[3, 4, 5]"
bach,,barok,Trajectory With Future,0.17549308718700868,0.2704761904761904,0.3206790239545625,11.831349206349199,0.12148337595907928,0.10671097572232993,"[3, 4, 5]"
bach,,barok,Trajectory With Future,0.20624453914316057,0.25,0.30701496112924775,12.049603174603172,0.09877264757451781,0.1370599739243807,"[3, 4, 5]"
bach,,barok,Trajectory With Future,0.19549775822864088,0.2896396396396396,0.3653966681291309,11.033333333333335,0.024162861491628614,0.11500477859190825,"[3, 4, 5]"
bach,,barok,Trajectory With Future,0.1501922970841276,0.26666666666666666,0.2829448946146314,15.260339660339655,0.11969079170914035,0.076654136326595,"[3, 4, 5]"
bach,,barok,Trajectory With Future,0.1709345820138214,0.2857638888888889,0.3905972836026459,12.30238095238095,0.030978994875971368,0.08573240329740013,"[3, 4, 5]"
bach,,barok,Trajectory With Future,0.1809699339928921,0.2695121951219512,0.28561350231707816,14.041702741702737,0.10118511574966703,0.10451368476059833,"[3, 4, 5]"
bach,,barok,Trajectory With Future,0.2364766996427809,0.18827160493827158,0.5340202611161174,13.750000000000005,0.09187227866473151,0.20909372100216517,"[2, 3, 7]"
bach,,barok,Trajectory With Future,0.1468012326459391,0.23994708994708994,0.2833243430053133,17.020374886551352,0.11574193548387098,0.07500487804878049,"[3, 4, 5]"
bach,,barok,Trajectory With Future,0.2160663881501411,0.22666666666666666,0.28489250212731376,13.227380952380951,0.09818819403857393,0.15493736182756082,"[3, 4, 5]"
bach,,barok,Trajectory With Future,0.1971562986891798,0.2772727272727272,0.2896905471794541,11.794455544455545,0.11875000000000001,0.11094257854821236,"[3, 4, 5]"
beethoven,,classical,Trajectory With Future,0.06924313940248815,0.19141666666666665,0.291036320142144,35.49051365301374,0.020151003876881107,0.02998079583284774,"[3, 4, 5]"
beethoven,,classical,Trajectory With Future,0.06434261841008453,0.2096607669616519,0.276888204145787,32.053519540952,0.02289240349365137,0.019989855291846256,"[3, 4, 5]"
beethoven,,classical,Trajectory With Future,0.06379935370031636,0.23943661971830985,0.324706536719152,28.14781931175122,0.01257897283472731,0.019355366316931105,"[3, 4, 5]"
beethoven,,classical,Trajectory With Future,0.08735782821496815,0.1871794871794872,0.2540044299845417,39.39035742902356,0.08749771077302308,0.05620609820883972,"[3, 4, 5]"
beethoven,,classical,Trajectory With Future,0.09287353466632521,0.1994708994708995,0.2292908410144161,37.86558441558456,0.08754668842957901,0.06929095575016517,"[3, 4, 5]"
beethoven,,classical,Trajectory With Future,0.07060113811292003,0.2178763440860215,0.316956423894625,30.686396936396946,0.037608877828284114,0.028054254881891668,"[3, 4, 5]"
beethoven,,classical,Trajectory With Future,0.09301153752783461,0.190625,0.2771373215201158,33.49361440503085,0.09202025493277458,0.04646803892380233,"[3, 4, 5]"
beethoven,,classical,Trajectory With Future,0.07707385661824144,0.20260416666666664,0.2246711106699638,46.01955215330097,0.1087592788971368,0.04589371980676329,"[3, 4, 5]"
beethoven,,classical,Trajectory With Future,0.08530845285465204,0.1753822629969419,0.2297416154867591,35.73011718243923,0.09571380730587736,0.048644071500371484,"[3, 4, 5]"
beethoven,,classical,Trajectory With Future,0.08534679541750714,0.20046728971962618,0.3322750815836059,35.93695766502328,0.12207672263086719,0.05288729989053941,"[3, 4, 5]"
beethoven,,classical,Trajectory With Future,0.06459701985983395,0.18108660130718954,0.2631062080491279,28.47213555626933,0.020537324831803355,0.020086518798175242,"[2, 3, 7]"
beethoven,,classical,Trajectory With Future,0.08375716358923224,0.21337209302325583,0.28753687853298154,28.555662825612117,0.05637867855388916,0.038001985878199473,"[3, 4, 5]"
beethoven,,classical,Trajectory With Future,0.13093019292234148,0.22575757575757577,0.2398584336264312,21.313096054272517,0.07877073834974618,0.06800539083557952,"[3, 4, 5]"
beethoven,,classical,Trajectory With Future,0.1010741228058543,0.2221393034825871,0.3408948625587664,21.10491595697345,0.0790881698628594,0.03962560923139861,"[3, 4, 5]"
beethoven,,classical,Trajectory With Future,0.06762161171453088,0.20125502008032128,0.23731290059185026,48.12516813252146,0.048580650490891594,0.05313309647066726,"[3, 4, 5]"
beethoven,,classical,Trajectory With Future,0.07703455254166736,0.211070110701107,0.3028503514037259,29.157475857475863,0.029049085250425384,0.03859435916108698,"[3, 4, 5]"
beethoven,,classical,Trajectory With Future,0.07431722360495155,0.1886435331230284,0.2556095596393218,29.32445131838878,0.03263543103965445,0.02311737292578821,"[3, 4, 5]"
beethoven,,classical,Trajectory With Future,0.06871962608078974,0.2070460704607046,0.30433496468378207,33.95403012020665,0.011941353216993137,0.030793401413982714,"[3, 4, 5]"
beethoven,,classical,Trajectory With Future,0.09606241077476425,0.20637522768670308,0.3166626888579166,19.365981240981235,0.01686737919614632,0.03351125377925423,"[3, 4, 5]"
beethoven,,classical,Trajectory With Future,0.07885248955793454,0.23634686346863468,0.30704843293236256,35.75436792755416,0.12361461118238685,0.03318159618498125,"[3, 4, 5]"
beethoven,,classical,Trajectory With Future,0.09272068153536869,0.22344322344322348,0.25717372821472345,29.93936896436897,0.02949076153887023,0.059669421487603305,"[3, 4, 5]"
beethoven,,classical,Trajectory With Future,0.0694852707764835,0.1846685082872928,0.24628378274338922,46.81143985885357,0.11241313956799984,0.033392810551033984,"[3, 4, 5]"
beethoven,,classical,Trajectory With Future,0.08628263562914047,0.20715408805031446,0.2805739966072994,31.039402264402263,0.02033999301721794,0.04856842658261098,"[3, 4, 5]"
beethoven,,classical,Trajectory With Future,0.06805970798259063,0.2253391472868217,0.29972518227736106,30.008582798798866,0.03138672811607488,0.024762847024298294,"[3, 4, 5]"
beethoven,,classical,Trajectory With Future,0.07264108299224724,0.22562111801242238,0.3277348813459847,23.725833912613783,0.01550405436613486,0.023679182403910242,"[3, 4, 5]"
beethoven,,classical,Trajectory With Future,0.05381903859945571,0.188661800486618,0.30586580451980583,43.33767685728379,0.031867393709498974,0.014528213845918224,"[3, 4, 5]"
beethoven,,classical,Trajectory With Future,0.08074207988538815,0.17196679438058746,0.2914942039011933,36.16226978268785,0.12234608002362321,0.03404229658324588,"[3, 4, 5]"
beethoven,,classical,Trajectory With Future,0.05659955297623647,0.20620985010706636,0.3288330012679536,22.474379215555697,0.005713260560561943,0.01435413190063359,"[3, 4, 5]"
beethoven,,classical,Trajectory With Future,0.0685611988375611,0.2015957446808511,0.2763309798052447,39.71837269031764,0.11440035508211274,0.017230172353862854,"[3, 4, 5]"
beethoven,,classical,Trajectory With Future,0.07229143185431766,0.2317046688382193,0.2871913581374619,31.974528159478037,0.1230431323000853,0.019218722676188044,"[3, 4, 5]"
beethoven,,classical,Trajectory With Future,0.09135823282920581,0.20008591065292095,0.28403134901552957,26.351647615818784,0.05474825768074169,0.037644303162121466,"[3, 4, 5]"
beethoven,,classical,Trajectory With Future,0.08859064466605866,0.1970104633781764,0.3832487192155464,20.898881673881682,0.009353173398117219,0.03102739223030036,"[3, 4, 5]"
beethoven,,classical,Trajectory With Future,0.07213202919577236,0.21816168327796231,0.2976732718832213,33.25154183491645,0.12476982806433722,0.02348657716019098,"[3, 4, 5]"
beethoven,,classical,Trajectory With Future,0.07506761651997758,0.1744407158836689,0.27423630052394,43.09691296689603,0.08733156654416346,0.044492923219708054,"[3, 4, 5]"
beethoven,,classical,Trajectory With Future,0.11264133684725755,0.2137037037037037,0.29920381430951687,22.10274634901473,0.1049353603728569,0.03924747780023192,"[3, 4, 5]"
beethoven,,classical,Trajectory With Future,0.09120558044269744,0.18258594917787743,0.27046830394601296,23.796825396825405,0.0313082941744399,0.038655808679517574,"[3, 4, 5]"
beethoven,,classical,Trajectory With Future,0.07626351410268836,0.20625730994152047,0.25954628965946863,34.823359111669625,0.12479155837190689,0.028350087873462215,"[3, 4, 5]"
beethoven,,classical,Trajectory With Future,0.11381265108859391,0.2507645259938838,0.23693904797863224,26.405888555888563,0.09421155214611461,0.07722866677260448,"[3, 4, 5]"
beethoven,,classical,Trajectory With Future,0.10116898383643226,0.24084507042253522,0.24863497153100741,28.764284322488678,0.09799780146175026,0.05540290488345911,"[3, 4, 5]"
beethoven,,classical,Trajectory With Future,0.1905914912140161,0.17777777777777776,0.2572208010143906,15.667460317460312,0.09983171269342914,0.12055364314400459,"[3, 4, 5]"
beethoven,,classical,Trajectory With Future,0.10338657155575082,0.20748299319727892,0.28226225918881004,25.031554654028856,0.12527467389779792,0.041171959956038943,"[3, 4, 5]"
beethoven,,classical,Trajectory With Future,0.08405215012780841,0.2380952380952381,0.2915507734315072,21.675643729999603,0.05705199586681514,0.02672192496829864,"[3, 4, 5]"
beethoven,,classical,Trajectory With Future,0.07469935110904914,0.22150715071507154,0.2871884163640039,30.512668334044058,0.025493746862229858,0.028771697174927183,"[3, 4, 5]"
beethoven,,classical,Trajectory With Future,0.09780119475575184,0.19475308641975309,0.2749196733869603,26.858942867169986,0.12143530180951098,0.04503414835742304,"[3, 4, 5]"
beethoven,,classical,Trajectory With Future,0.10771763932113305,0.24566929133858265,0.2841117683499121,25.305387809458026,0.10792709705753184,0.05097561993687449,"[3, 4, 5]"
beethoven,,classical,Trajectory With Future,0.08520664516893008,0.1733974358974359,0.2353922660812673,34.66637478814777,0.12458219350833284,0.04818040243100259,"[2, 3, 7]"
beethoven,,classical,Trajectory With Future,0.0791827070539183,0.18680272108843538,0.2698143480776357,28.374886752854778,0.10778520902477454,0.027642102887610053,"[3, 4, 5]"
beethoven,,classical,Trajectory With Future,0.14920263496044844,0.24603174603174602,0.2917143527532702,19.641738816738822,0.09532268685401102,0.09984415584415585,"[2, 3, 7]"
beethoven,,classical,Trajectory With Future,0.09451208969660399,0.20940409683426445,0.31554888861456487,22.48544413103236,0.0384518039425508,0.042696394265326655,"[3, 4, 5]"
beethoven,,classical,Trajectory With Future,0.0677158211920751,0.2042950513538749,0.2702301429835291,42.08570232533931,0.09483451400812239,0.028270671670966887,"[3, 4, 5]"
beethoven,,classical,Trajectory With Future,0.06546018253764758,0.2025065963060686,0.25174994861594446,41.38815713585806,0.12001955420769092,0.02842197413808022,"[3, 4, 5]"
beethoven,,classical,Trajectory With Future,0.05539121061925139,0.2442053930005737,0.33238629029194905,22.822975489629677,0.007796489352223114,0.009853695818320778,"[3, 4, 5]"
beethoven,,classical,Trajectory With Future,0.0987314323707829,0.21697916666666667,0.2544040643951143,24.83102358820798,0.12152757240590682,0.03536402663947325,"[3, 4, 5]"
beethoven,,classical,Trajectory With Future,0.041758420115272345,0.19047169811320755,0.2406581804277633,64.00898682945478,0.0304393712526709,0.017628583799983458,"[3, 4, 5]"
beethoven,,classical,Trajectory With Future,0.046441931856141774,0.1889840182648402,0.23811090302090557,78.74119820305567,0.12355910908052542,0.020488542792794377,"[3, 4, 5]"
beethoven,,classical,Trajectory With Future,0.0877914488794627,0.19942028985507246,0.2605226187649207,38.88590705241366,0.09510566177714332,0.04715251533731298,"[3, 4, 5]"
beethoven,,classical,Trajectory With Future,0.0845723636589918,0.20310245310245312,0.26660982734580924,39.39066895717557,0.0951299017232568,0.048934133176694775,"[3, 4, 5]"
beethoven,,classical,Trajectory With Future,0.0951766002441419,0.18076923076923074,0.25123947529096335,33.30757269330634,0.09834488703123197,0.04301891614180984,"[3, 4, 5]"
beethoven,,classical,Trajectory With Future,0.09689684203076959,0.18909574468085108,0.24184439385029616,33.24931332730028,0.10229115080246455,0.05040576576576576,"[3, 4, 5]"
beethoven,,classical,Trajectory With Future,0.10611233512456943,0.20583941605839415,0.31493510068731034,26.092279942279948,0.056776556776556776,0.06422379052074938,"[3, 4, 5]"
beethoven,,classical,Trajectory With Future,0.10870071047016319,0.2146282973621103,0.3821825740103927,22.478843378843383,0.052111128551247846,0.04964665068984328,"[3, 4, 5]"
beethoven,,classical,Trajectory With Future,0.0672642790136878,0.19890638670166227,0.27238136115541184,39.36986781194067,0.06016667819351269,0.024970834022974953,"[3, 4, 5]"
beethoven,,classical,Trajectory With Future,0.0672642790136878,0.19890638670166227,0.27238136115541184,39.36986781194067,0.06016667819351269,0.024970834022974953,"[3, 4, 5]"
beethoven,,classical,Trajectory With Future,0.048816162847611484,0.1999550763701707,0.22536211920955143,71.86058410825055,0.11841976346714254,0.026242126910284807,"[3, 4, 5]"
beethoven,,classical,Trajectory With Future,0.048912787822026696,0.20114487010127696,0.25070356109400666,42.85636891670447,0.028830908143532067,0.018681233233544578,"[3, 4, 5]"
beethoven,,classical,Trajectory With Future,0.07206902819463822,0.20288957688338494,0.21100032736433133,50.974765533146495,0.057463848363747246,0.047999518541922734,"[3, 4, 5]"
beethoven,,classical,Trajectory With Future,0.07016112538110639,0.1881438289601555,0.27357919264805963,40.638545194380754,0.058581978059504,0.03306074312781488,"[3, 4, 5]"
beethoven,,classical,Trajectory With Future,0.07021559742815343,0.2161172161172161,0.30908737358674654,39.68452613130286,0.04872742897281787,0.031063569179836464,"[3, 4, 5]"
beethoven,,classical,Trajectory With Future,0.08736456870292794,0.2055306427503737,0.2725706520794657,39.915262493784354,0.05485597555055014,0.06004319113642765,"[3, 4, 5]"
beethoven,,classical,Trajectory With Future,0.07142490514441556,0.2252567693744164,0.28848807134212323,35.80293106054056,0.036363206580834265,0.027124650124172773,"[3, 4, 5]"
beethoven,,classical,Trajectory With Future,0.06429329084623939,0.20320959010054138,0.27284648177937026,36.243222764547134,0.05490370850552359,0.021076909631847524,"[3, 4, 5]"
beethoven,,classical,Trajectory With Future,0.08066312371226819,0.1993801652892562,0.260553370490776,32.96413006789957,0.12412480777986822,0.03225604012831108,"[3, 4, 5]"
beethoven,,classical,Trajectory With Future,0.09543474438608782,0.20377906976744184,0.2868026798372806,27.250287888572004,0.1302064685523332,0.03501056626816171,"[3, 4, 5]"
beethoven,,classical,Trajectory With Future,0.06603077504769005,0.20471428571428568,0.2832747446193606,33.095511204581435,0.02188681912767582,0.028011842816810722,"[3, 4, 5]"
beethoven,,classical,Trajectory With Future,0.07150839733434716,0.21954787234042553,0.2860238412276461,33.32579388883048,0.05300310696848646,0.01871852092872809,"[3, 4, 5]"
beethoven,,classical,Trajectory With Future,0.08746540918864278,0.16815718157181572,0.22051627080999675,42.82090125217082,0.062455835147258165,0.05827002343420851,"[3, 4, 5]"
beethoven,,classical,Trajectory With Future,0.13714708858130154,0.22893518518518519,0.2780709984461537,23.17698412698413,0.08536064083924587,0.11789882358444231,"[3, 4, 5]"
beethoven,,classical,Trajectory With Future,0.04185019775352245,0.2112745098039216,0.27469301982201355,49.820369062136834,0.012648897330853195,0.012971615090365402,"[3, 4, 5]"
beethoven,,classical,Trajectory With Future,0.04754735156687128,0.21337772397094432,0.2626863892421092,57.898668975794074,0.10966243293014948,0.017089322933966034,"[3, 4, 5]"
chopin,,classical,Trajectory With Future,0.07388852575194875,0.2027860696517413,0.24405717335897892,42.94396503206555,0.10249717306791498,0.032628117378648416,"[3, 4, 5]"
chopin,,classical,Trajectory With Future,0.09626858156054134,0.2116161616161616,0.2892879048192637,27.963206701983964,0.12113574023278227,0.040802555990018585,"[3, 4, 5]"
chopin,,classical,Trajectory With Future,0.04435754275283136,0.21408243375858685,0.2846988967420309,50.90147774191444,0.06890491122300214,0.009557424790940112,"[3, 4, 5]"
chopin,,classical,Trajectory With Future,0.12334723016271479,0.20323624595469256,0.23268658088225597,25.31351426351427,0.11681592841101636,0.08306255239311804,"[3, 4, 5]"
chopin,,classical,Trajectory With Future,0.0568188314646994,0.1903611111111111,0.2403815804592485,53.99157554090621,0.11156264732619835,0.022598033321691288,"[3, 4, 5]"
chopin,,classical,Trajectory With Future,0.1689627527643186,0.23076923076923078,0.3189251843574704,15.867121767121768,0.1237388159147154,0.08737864077669903,"[3, 4, 5]"
chopin,,classical,Trajectory With Future,0.17014590393093607,0.20782312925170068,0.3302651783566878,13.282936507936505,0.08354810996563573,0.09214361891219339,"[3, 4, 5]"
chopin,,classical,Trajectory With Future,0.20765487954116105,0.1388888888888889,0.3129293178456163,15.122655122655122,0.11927546138072455,0.12257024021729904,"[2, 3, 7]"
chopin,,classical,Trajectory With Future,0.23522546286898205,0.2423611111111111,0.3496526949100032,11.650000000000002,0.09119782468533627,0.19076812116840966,"[3, 4, 5]"
chopin,,classical,Trajectory With Future,0.14872136603662897,0.15219298245614035,0.2674458529334827,25.804761904761907,0.054752249781078184,0.13209806960687615,"[3, 4, 5]"
chopin,,classical,Trajectory With Future,0.13246413725597816,0.2367886178861789,0.3099470724146799,19.429797979797975,0.061399157485944336,0.0781490307424496,"[3, 4, 5]"
chopin,,classical,Trajectory With Future,0.11615289990754503,0.20599415204678365,0.321368725545521,15.39087301587301,0.01924489104830658,0.04610072627693774,"[3, 4, 5]"
chopin,,classical,Trajectory With Future,0.09306552067750758,0.1876647834274953,0.2519816438867726,24.198318185082897,0.027226557802883748,0.046607484870773465,"[3, 4, 5]"
chopin,,classical,Trajectory With Future,0.10652603445873603,0.21879432624113473,0.31897264338109677,18.643997668997674,0.016950450837080223,0.04156781336496639,"[3, 4, 5]"
chopin,,classical,Trajectory With Future,0.22661184955171312,0.22388888888888886,0.2653373506664535,15.416666666666671,0.0539418144035327,0.2159732922444787,"[2, 3, 7]"
chopin,,classical,Trajectory With Future,0.10331356109293072,0.15219298245614035,0.27052930000546044,18.934523809523814,0.01656357688749007,0.047468576644898536,"[3, 4, 5]"
chopin,,classical,Trajectory With Future,0.2294514253847462,0.264367816091954,0.43432311134022306,11.833333333333337,0.051343636869952664,0.17115960633290542,"[3, 4, 5]"
chopin,,classical,Trajectory With Future,0.14710527418544714,0.27205128205128204,0.38937802935077165,18.102042402042393,0.12560562015503876,0.08723059885850584,"[3, 4, 5]"
chopin,,classical,Trajectory With Future,0.143165102231365,0.13333333333333333,0.27244660438100554,25.753174603174603,0.0635654992536926,0.10540540540540541,"[3, 4, 5]"
chopin,,classical,Trajectory With Future,0.11701573076923268,0.22291666666666662,0.2774287350625985,19.796865612202904,0.11711458186764223,0.04570404800753203,"[3, 4, 5]"
chopin,,classical,Trajectory With Future,0.20991259362381698,0.2140625,0.41126568593241764,9.000000000000002,0.020993343573988736,0.11965811965811965,"[3, 4, 5]"
chopin,,classical,Trajectory With Future,0.11796609677008431,0.14461152882205514,0.27385603912732825,23.69411005661006,0.03947655673213135,0.054631217838765005,"[3, 4, 5]"
chopin,,classical,Trajectory With Future,0.2621780856774265,0.175,0.25657890356423224,10.483333333333334,0.08703877689350419,0.19284188034188032,"[3, 4, 5]"
chopin,,classical,Trajectory With Future,0.14215578961647798,0.1869565217391304,0.2891814221001124,19.370634920634913,0.12278159438958067,0.09146835993907385,"[3, 4, 5]"
chopin,,classical,Trajectory With Future,0.11172454548447373,0.057711442786069655,0.3186818105874834,13.635714285714284,0.006279744304581679,0.03921780466724287,"[3, 4, 5]"
chopin,,classical,Trajectory With Future,0.15819302648496286,0.22380952380952382,0.326678638139531,15.794841269841264,0.0985466781214204,0.11758701643360212,"[3, 4, 5]"
chopin,,classical,Trajectory With Future,0.2715658160820087,0.24791666666666667,0.34321369215018915,9.083333333333334,0.08888888888888888,0.2341311134235172,"[3, 4, 5]"
chopin,,classical,Trajectory With Future,0.10026083605972373,0.17968441814595662,0.2750887705099773,34.58606819736859,0.08861417173747405,0.0654672105637032,"[3, 4, 5]"
chopin,,classical,Trajectory With Future,0.2018485663112346,0.27702702702702703,0.5633410077371246,17.050000000000004,0.05683428669339508,0.18302499646942522,"[3, 4, 5]"
chopin,,classical,Trajectory With Future,0.14039744426229359,0.17386831275720166,0.2832787775794338,20.042297245238426,0.11860109093804748,0.07361398665746491,"[3, 4, 5]"
chopin,,classical,Trajectory With Future,0.1334499696683215,0.27479166666666666,0.3305347114490114,19.32571872571872,0.12518907730276252,0.07009209344115004,"[3, 4, 5]"
chopin,,classical,Trajectory With Future,0.09598338605206852,0.18156966490299822,0.30418320005290733,27.366701099629235,0.10890851628195723,0.036468910889224035,"[3, 4, 5]"
chopin,,classical,Trajectory With Future,0.06516438729315735,0.20396145610278374,0.2644863092509228,33.65842967240686,0.01691951812366544,0.02078205736420907,"[3, 4, 5]"
chopin,,classical,Trajectory With Future,0.11294926608602913,0.1925141242937853,0.2643659083896701,26.99172632922633,0.09516857899414602,0.07477671865184497,"[3, 4, 5]"
chopin,,classical,Trajectory With Future,0.09212228580667355,0.160752688172043,0.2754107093510536,36.52698179013983,0.12467924044136515,0.04956328305759224,"[3, 4, 5]"
chopin,,classical,Trajectory With Future,0.14348419043448352,0.18155555555555553,0.3025299524638939,19.62142857142858,0.03828952553784768,0.09593367548361625,"[3, 4, 5]"
chopin,,classical,Trajectory With Future,0.09215060413097116,0.13176100628930815,0.25165591116492864,28.221259296259294,0.022308573465782744,0.045406235477157456,"[1, 4, 7]"
chopin,,classical,Trajectory With Future,0.09723536465046606,0.21376344086021504,0.33288023646375514,22.89328809271257,0.12978397462384356,0.035078066298669414,"[3, 4, 5]"
chopin,,classical,Trajectory With Future,0.10862817351475752,0.20968992248062016,0.3031758117917591,26.878071928071932,0.1147631930933852,0.0712301371649675,"[3, 4, 5]"
chopin,,classical,Trajectory With Future,0.1189810630079462,0.21336206896551724,0.26872836458923205,29.436963036963043,0.09922979810655747,0.08333490866241959,"[3, 4, 5]"
chopin,,classical,Trajectory With Future,0.09286421519465698,0.16563573883161511,0.23804577089622803,33.2577867770818,0.1141632414436367,0.04683729732108615,"[3, 4, 5]"
chopin,,classical,Trajectory With Future,0.15741136903282324,0.24358974358974358,0.2868835657796557,16.044491619491616,0.10455844226993352,0.09601683340101148,"[3, 4, 5]"
chopin,,classical,Trajectory With Future,0.09572181194518979,0.21179775280898877,0.32313899073280683,27.278626308473097,0.12621446492356078,0.03613869951898121,"[3, 4, 5]"
chopin,,classical,Trajectory With Future,0.06878512289257323,0.1910182516810759,0.2568313711264636,41.98414237292785,0.1248740269934875,0.028408215877382133,"[3, 4, 5]"
chopin,,classical,Trajectory With Future,0.07840445308203843,0.14732441471571905,0.3223184902029065,18.007539682539683,0.0029622384854923385,0.021675541888547215,"[3, 4, 5]"
chopin,,classical,Trajectory With Future,0.11275817966734716,0.21333333333333335,0.30550309882979193,23.266134128169742,0.0667088025741209,0.06026048719626311,"[3, 4, 5]"
chopin,,classical,Trajectory With Future,0.07021591504749344,0.13562770562770562,0.20507605418281957,54.31200741552953,0.045714634130744114,0.048231272660486664,"[3, 4, 5]"
chopin,,classical,Trajectory With Future,0.10695739267893074,0.17730061349693252,0.24225778168454282,34.03361679170507,0.10854574232352,0.06932502280328368,"[3, 4, 5]"
chopin,,classical,Trajectory With Future,0.1304333691358351,0.1281786941580756,0.23527548706079898,25.083716283716296,0.0976360103626943,0.08638185550884739,"[3, 4, 5]"
chopin,,classical,Trajectory With Future,0.11395573624934803,0.20506666666666667,0.25621549964442,27.507102516506553,0.1151379712397979,0.07172009757963328,"[3, 4, 5]"
chopin,,classical,Trajectory With Future,0.09774079393251918,0.22591522157996144,0.3065296872570532,31.27506068063345,0.10656045869645467,0.05816673656740762,"[3, 4, 5]"
chopin,,classical,Trajectory With Future,0.1198619067453251,0.20502873563218388,0.25629511833211105,31.19170274170275,0.06012189692570673,0.09887924395696417,"[3, 4, 5]"
chopin,,classical,Trajectory With Future,0.09639986689353555,0.20710382513661202,0.264919610114695,34.222882101558596,0.10477956150618846,0.062017974503127724,"[3, 4, 5]"
chopin,,classical,Trajectory With Future,0.09515871659844387,0.1963149078726968,0.30234191601682137,24.718788414252497,0.05343167188255349,0.04010850610346832,"[3, 4, 5]"
chopin,,classical,Trajectory With Future,0.08342101075756048,0.19849137931034483,0.34527484747602893,18.445634920634923,0.00589043785588062,0.030506034093543702,"[3, 4, 5]"
chopin,,classical,Trajectory With Future,0.11515951925610125,0.20594202898550723,0.24549128511988386,28.565331890331898,0.10665149662903048,0.08470312194486085,"[3, 4, 5]"
chopin,,classical,Trajectory With Future,0.0713927842437627,0.15653594771241827,0.25401458231317975,37.40526864124089,0.0660770650341202,0.023544640164757963,"[3, 4, 5]"
chopin,,classical,Trajectory With Future,0.1025535437690339,0.13840090090090088,0.2851041762901259,18.48113275613274,0.024051654560129136,0.04317236968340262,"[3, 4, 5]"
chopin,,classical,Trajectory With Future,0.08816744916174869,0.19468253968253968,0.31151204719938896,25.613199558439522,0.05694198612173742,0.03538429875902209,"[3, 4, 5]"
chopin,,classical,Trajectory With Future,0.12747124532636817,0.1277258566978193,0.3245275442976666,13.350000000000001,0.007130835326423952,0.047368789853549156,"[3, 4, 5]"
Unknown,,jazz,Trajectory With Future,0.09927749518351317,0.19040084388185655,0.2620658286833891,29.89347749624036,0.12091800626832475,0.05585352865866784,"[3, 4, 5]"
Unknown,,jazz,Trajectory With Future,0.12263381736722984,0.21815181518151816,0.28292903778650624,28.740584415584415,0.06502543723134491,0.10050756319413036,"[3, 4, 5]"
Unknown,,jazz,Trajectory With Future,0.06351304280250206,0.20321705426356587,0.22215222917147898,54.411214781749145,0.12204113520001948,0.04087186017475934,"[3, 4, 5]"
Unknown,,jazz,Trajectory With Future,0.0572788821109667,0.18187645687645687,0.2240231824669505,56.29732789392685,0.12261952369789153,0.02443884670344925,"[3, 4, 5]"
Unknown,,jazz,Trajectory With Future,0.08303769571379935,0.19294605809128632,0.21837059991983382,41.78276038976526,0.07755184826688989,0.052846654788402364,"[3, 4, 5]"
Unknown,,jazz,Trajectory With Future,0.0763775596272254,0.21032608695652172,0.28051199228711676,34.36748046700311,0.12625696578593162,0.02975297067429182,"[3, 4, 5]"
Unknown,,jazz,Trajectory With Future,0.08482248694421286,0.2062780269058296,0.22773915269350248,43.95123487623508,0.08070280792472746,0.07363734162084629,"[3, 4, 5]"
Unknown,,jazz,Trajectory With Future,0.07203060935372141,0.19879310344827586,0.17572261183650473,50.412698657551964,0.04084267974754947,0.06122683861584431,"[3, 4, 5]"
Unknown,,jazz,Trajectory With Future,0.09581360146702218,0.19304703476482615,0.19676419516711843,36.85753413253424,0.042456865303612486,0.0769054945054945,"[3, 4, 5]"
Unknown,,jazz,Trajectory With Future,0.08023807007012483,0.2126,0.2628247532805585,35.35758546000788,0.12306654646860372,0.03572469839045544,"[3, 4, 5]"
Unknown,,jazz,Trajectory With Future,0.10506912475225778,0.21123737373737372,0.22776993106060603,34.59408369408373,0.07782744694162434,0.09709962882491399,"[3, 4, 5]"
Unknown,,jazz,Trajectory With Future,0.06366037478738398,0.18227124183006538,0.21422973645028917,51.434494328842696,0.11447187870320279,0.03216494805324676,"[3, 4, 5]"
Unknown,,jazz,Trajectory With Future,0.07959797237031083,0.20352564102564105,0.23380870880885388,38.80241076368843,0.1222130470685384,0.03799249902867972,"[3, 4, 5]"
Unknown,,jazz,Trajectory With Future,0.09930997823179845,0.18641975308641978,0.21877815570061485,35.5054227635111,0.06156783429553697,0.0747213910556872,"[3, 4, 5]"
Unknown,,jazz,Trajectory With Future,0.07466089372299092,0.18079470198675496,0.22307086032828086,48.299860755859555,0.0680022141703145,0.052388568547314565,"[3, 4, 5]"
Unknown,,jazz,Trajectory With Future,0.07466089372299092,0.18079470198675496,0.22307086032828086,48.299860755859555,0.0680022141703145,0.052388568547314565,"[3, 4, 5]"
Unknown,,jazz,Trajectory With Future,0.06280160908943279,0.21331699346405228,0.25551659055978415,45.73207040381605,0.1139708698502916,0.027831070347592256,"[3, 4, 5]"
Unknown,,jazz,Trajectory With Future,0.20630451106223027,0.17017543859649123,0.233461288304206,16.91230158730159,0.1124189904189904,0.16297619047619047,"[1, 2, 9]"
Unknown,,jazz,Trajectory With Future,0.09967511747660493,0.2061904761904762,0.19856899254223997,33.25644771894775,0.06542824779242072,0.0834348145269249,"[3, 4, 5]"
Unknown,,jazz,Trajectory With Future,0.1089638586124786,0.22196382428940567,0.21518438854926747,34.54682539682544,0.03992244166974582,0.10200155642023347,"[3, 4, 5]"
Unknown,,jazz,Trajectory With Future,0.13336406695691477,0.22235294117647056,0.3260403790571183,25.384523809523817,0.12440131719506194,0.1153355781490078,"[3, 4, 5]"
Unknown,,jazz,Trajectory With Future,0.07668041537244039,0.21162361623616235,0.2557841563409642,45.947133038138105,0.044753560858963724,0.056192853255716796,"[3, 4, 5]"
Unknown,,jazz,Trajectory With Future,0.1526020846811107,0.22043010752688172,0.24079886068730996,21.5452380952381,0.07120044269762711,0.1298370494434558,"[3, 4, 5]"
Unknown,,jazz,Trajectory With Future,0.08563135646017872,0.19456845238095238,0.20466489517439307,41.183991253844404,0.04752774375714586,0.06197802745633221,"[3, 4, 5]"
Unknown,,jazz,Trajectory With Future,0.07396781494244502,0.19758454106280193,0.20882929804331274,44.80153583565167,0.10271907821397365,0.052426877136707045,"[3, 4, 5]"
Unknown,,jazz,Trajectory With Future,0.12681478070493457,0.21523809523809526,0.26744441865574514,25.86229824097471,0.12402619310514046,0.077356048090058,"[3, 4, 5]"
Unknown,,jazz,Trajectory With Future,0.10043124186331799,0.20728476821192052,0.2436294340182651,31.386785595725247,0.08010603242530209,0.06471933382232385,"[3, 4, 5]"
Unknown,,jazz,Trajectory With Future,0.1181227157272811,0.20816993464052289,0.22643864097506822,28.853607503607503,0.05910339052358959,0.10361078665380123,"[3, 4, 5]"
Unknown,,jazz,Trajectory With Future,0.06490143431174132,0.20309523809523813,0.228401505297822,54.62863289721191,0.08441809793691084,0.039066606667272685,"[3, 4, 5]"
Unknown,,jazz,Trajectory With Future,0.07257338515866617,0.19203389830508472,0.20081673389118132,43.50358348222232,0.08230609568683277,0.04558882399758226,"[3, 4, 5]"
Unknown,,jazz,Trajectory With Future,0.11534125175052011,0.2046474358974359,0.2463004536485539,22.87204543822191,0.10461771217569112,0.06833494363929146,"[3, 4, 5]"
Unknown,,jazz,Trajectory With Future,0.045640893497831694,0.20248366013071897,0.21876148132024623,62.98246188763001,0.12424407398931968,0.019815736491334505,"[3, 4, 5]"
Unknown,,jazz,Trajectory With Future,0.044203955072811156,0.19023265142398715,0.19850246892981477,70.36513609892219,0.11680791379882498,0.022051794476379196,"[3, 4, 5]"
Unknown,,jazz,Trajectory With Future,0.12198907101055813,0.22009345794392526,0.2774701645267653,30.548845598845595,0.11153171178109746,0.1034336739390592,"[3, 4, 5]"
Unknown,,jazz,Trajectory With Future,0.08967021716991189,0.2053030303030303,0.2464227243575271,35.159293368374406,0.12445415408340295,0.04734970260789995,"[3, 4, 5]"
Unknown,,jazz,Trajectory With Future,0.05731953160000729,0.2009043927648579,0.21719132317420772,59.489814712168915,0.09973597797892782,0.03111772619850323,"[3, 4, 5]"
Unknown,,jazz,Trajectory With Future,0.07557138192916121,0.19257246376811593,0.22563878593139422,45.66473338752781,0.07680184785934717,0.058156971915469556,"[3, 4, 5]"
Unknown,,jazz,Trajectory With Future,0.0801706731406861,0.20007122507122507,0.22182869135962838,45.51972990030287,0.055765670897690287,0.06770561172504705,"[3, 4, 5]"
Unknown,,jazz,Trajectory With Future,0.17066977787429388,0.2031446540880503,0.30333228530644274,20.033333333333335,0.08443223443223444,0.14715646258503404,"[3, 4, 5]"
Unknown,,jazz,Trajectory With Future,0.1449918265020638,0.1986111111111111,0.27048550054140563,20.86725219225219,0.1211464591746282,0.08790959663777619,"[3, 4, 5]"
Unknown,,jazz,Trajectory With Future,0.07374934719006573,0.20098684210526313,0.22955732602814985,46.60078020145109,0.06623931484956792,0.048092340814503816,"[3, 4, 5]"
Unknown,,jazz,Trajectory With Future,0.07502495169420231,0.20683908045977012,0.22312539039414322,45.5011492893075,0.11738258763562374,0.0483737195771057,"[3, 4, 5]"
Unknown,,jazz,Trajectory With Future,0.11497113287627081,0.1808,0.26468189109908685,30.357229698406165,0.10499772026124976,0.08019610911177176,"[3, 4, 5]"
Unknown,,jazz,Trajectory With Future,0.13485768353069863,0.18980392156862744,0.23646827253875663,25.496653346653346,0.06946304684020946,0.10385940121875828,"[3, 4, 5]"
Unknown,,jazz,Trajectory With Future,0.06540621236365607,0.19936548223350256,0.25630298951979535,46.22058569223969,0.11845815950123743,0.02672253780800757,"[3, 4, 5]"
Unknown,,jazz,Trajectory With Future,0.07124640397196381,0.22231735159817353,0.23562990598767036,38.372090857647336,0.10059743940714196,0.03264788240424062,"[3, 4, 5]"
Unknown,,jazz,Trajectory With Future,0.12040339309445611,0.21631944444444443,0.2918528981089759,22.184835017923245,0.12445118030678794,0.06730955683835266,"[3, 4, 5]"
Unknown,,jazz,Trajectory With Future,0.12040339309445611,0.21631944444444443,0.2918528981089759,22.184835017923245,0.12445118030678794,0.06730955683835266,"[3, 4, 5]"
Unknown,,jazz,Trajectory With Future,0.07055473027892976,0.2204594017094017,0.24182057542987678,40.93233716920434,0.12470943511084494,0.031281563829157595,"[3, 4, 5]"
Unknown,,jazz,Trajectory With Future,0.08881501911719948,0.20728682170542634,0.2583134908895643,41.25193205963103,0.1091930851720844,0.05528253896974766,"[3, 4, 5]"
Unknown,,jazz,Trajectory With Future,0.07877493190904278,0.20604395604395603,0.21969344826582862,41.28791230047912,0.12452779276848354,0.04127408291748141,"[3, 4, 5]"
Unknown,,jazz,Trajectory With Future,0.07640518293608423,0.2008953168044077,0.18914210738973866,47.05943223443247,0.035686516410507664,0.0730118503936513,"[3, 4, 5]"
Unknown,,jazz,Trajectory With Future,0.05857038271077321,0.19895833333333332,0.20041690264787013,64.31882145947301,0.09791087641828917,0.04370666070299907,"[3, 4, 5]"
Unknown,,jazz,Trajectory With Future,0.0769653360818279,0.19814814814814816,0.2464083806928686,33.44872648469772,0.12419770883332146,0.03304762454297959,"[1, 3, 8]"
Unknown,,jazz,Trajectory With Future,0.05908823759716855,0.20493576741041244,0.2576925063783204,42.11999117999526,0.04442195199466172,0.026864343015800686,"[3, 4, 5]"
Unknown,,jazz,Trajectory With Future,0.07912236356309874,0.19017094017094016,0.17941972551595364,44.88241341991367,0.06664371563058959,0.07019959863037788,"[3, 4, 5]"
Unknown,,jazz,Trajectory With Future,0.07945911155984953,0.20079022988505746,0.1940625158403143,48.2096681096683,0.022443753999839212,0.0794283528303263,"[3, 4, 5]"
Unknown,,jazz,Trajectory With Future,0.07842569613923515,0.2219298245614035,0.25264191407529074,38.33012947883116,0.12344810432434353,0.035154298460869975,"[3, 4, 5]"
Unknown,,jazz,Trajectory With Future,0.13540731071957568,0.1817982456140351,0.24488459870055815,17.63995865245864,0.12247240618101546,0.06422699246403289,"[3, 4, 5]"
Unknown,,jazz,Trajectory With Future,0.09408533486820818,0.18627450980392155,0.22442768221752837,38.27715062715073,0.06045699298832831,0.07955688145715471,"[3, 4, 5]"
monteverdi,,renaissance,Trajectory With Future,0.13949886079327506,0.2896825396825397,0.35633527323153247,17.097605172605164,0.10034504913353852,0.07966839378238341,"[3, 4, 5]"
monteverdi,,renaissance,Trajectory With Future,0.15675098342343632,0.3030612244897959,0.3522252049588935,15.940873015873008,0.09994411012685347,0.10282501004150489,"[3, 4, 5]"
monteverdi,,renaissance,Trajectory With Future,0.18561586855295437,0.28875,0.4601671189517595,12.809523809523807,0.04866530562733093,0.11026722925457103,"[3, 4, 5]"
monteverdi,,renaissance,Trajectory With Future,0.1620148108173498,0.3176470588235294,0.5711929074978944,14.226731601731595,0.12297029702970298,0.08062695520366368,"[3, 4, 5]"
monteverdi,,renaissance,Trajectory With Future,0.1530198554206458,0.27499999999999997,0.31161590321912,17.672691197691194,0.12934440934440938,0.109009009009009,"[3, 4, 5]"
monteverdi,,renaissance,Trajectory With Future,0.13771392762527376,0.27239583333333334,0.32473866616659297,11.252380952380946,0.026704995208932217,0.0630671166104237,"[3, 4, 5]"
monteverdi,,renaissance,Trajectory With Future,0.1384138239550176,0.24848484848484848,0.32150600503919297,21.736183261183264,0.08680678674228727,0.09443495955990136,"[3, 4, 5]"
monteverdi,,renaissance,Trajectory With Future,0.13456503726657232,0.30205479452054795,0.31580398116892516,14.583283383283376,0.047557471264367816,0.055600302038761644,"[3, 4, 5]"
monteverdi,,renaissance,Trajectory With Future,0.18591454775338498,0.3171052631578947,0.41687028532570086,13.249999999999998,0.06394071857229751,0.125,"[3, 4, 5]"
monteverdi,,renaissance,Trajectory With Future,0.13253102955633939,0.3136574074074074,0.37197806560825675,16.725917138417138,0.09933024721757117,0.06676773110339544,"[3, 4, 5]"
monteverdi,,renaissance,Trajectory With Future,0.16814841076349074,0.30471014492753623,0.3937767776694398,15.09650072150072,0.12241351241351242,0.10302197802197803,"[3, 4, 5]"
monteverdi,,renaissance,Trajectory With Future,0.17794466815687082,0.3085470085470085,0.42540042099057,14.571428571428566,0.10386456570448184,0.12257024021729904,"[3, 4, 5]"
monteverdi,,renaissance,Trajectory With Future,0.22213005115113665,0.3282051282051282,0.3906473839302479,11.852380952380951,0.12274509803921568,0.16124871001031993,"[3, 4, 5]"
monteverdi,,renaissance,Trajectory With Future,0.16257658735351932,0.0,0.22806480873851986,10.65804889554889,0.1297564687975647,0.08745529387947905,"[1, 4, 7]"
monteverdi,,renaissance,Trajectory With Future,0.1696642061687359,0.26564625850340134,0.3922711210337396,16.788095238095234,0.12097527141273749,0.11643420254699818,"[3, 4, 5]"
monteverdi,,renaissance,Trajectory With Future,0.18028100562690008,0.31449275362318846,0.4656136593147835,13.816666666666668,0.03760121789289731,0.11134648484046074,"[3, 4, 5]"
monteverdi,,renaissance,Trajectory With Future,0.1823282082818175,0.25357142857142856,0.29533601391068226,15.152380952380948,0.07605727193201915,0.12381960273526538,"[3, 4, 5]"
monteverdi,,renaissance,Trajectory With Future,0.2273679579085912,0.34,0.5970329718126163,11.266666666666667,0.08928571428571429,0.17307692307692307,"[3, 4, 5]"
monteverdi,,renaissance,Trajectory With Future,0.14203109867593824,0.26589743589743586,0.3812626005253565,14.123845598845595,0.047420058139534885,0.06852541864747955,"[3, 4, 5]"
monteverdi,,renaissance,Trajectory With Future,0.22484425936161384,0.3191358024691358,0.45018335079158667,12.433333333333332,0.11689646831156265,0.16782522343594836,"[3, 4, 5]"
monteverdi,,renaissance,Trajectory With Future,0.1779755831344168,0.30916666666666665,0.4240896724545287,14.344047619047615,0.12360705398680082,0.11668584579976986,"[3, 4, 5]"
monteverdi,,renaissance,Trajectory With Future,0.19185245528996175,0.3156862745098039,0.4016079443966461,13.842857142857138,0.0979194934418815,0.14133679428942245,"[3, 4, 5]"
monteverdi,,renaissance,Trajectory With Future,0.13949886079327506,0.2896825396825397,0.35633527323153247,17.097605172605164,0.10034504913353852,0.07966839378238341,"[3, 4, 5]"
monteverdi,,renaissance,Trajectory With Future,0.11833187380351659,0.25884353741496596,0.38770450650721083,13.059523809523807,0.00973719932575119,0.0456968773800457,"[3, 4, 5]"
monteverdi,,renaissance,Trajectory With Future,0.19350983761493862,0.05151515151515151,0.2698399023494444,13.344047619047618,0.11786858974358977,0.14453069865913903,"[2, 3, 7]"
monteverdi,,renaissance,Trajectory With Future,0.1960706656518507,0.28468468468468466,0.45934991408583403,15.883333333333333,0.0669322655879373,0.1599407626804887,"[3, 4, 5]"
monteverdi,,renaissance,Trajectory With Future,0.15813452833320973,0.2727272727272727,0.44546589546676857,19.39246031746032,0.10694869181107713,0.127391874180865,"[3, 4, 5]"
monteverdi,,renaissance,Trajectory With Future,0.14431519966888992,0.2785714285714285,0.37933834721110393,14.071428571428566,0.03258262954853509,0.06233494217284401,"[3, 4, 5]"
monteverdi,,renaissance,Trajectory With Future,0.11234885800478311,0.0,0.24422226858935722,8.171825396825398,0.009064184223419891,0.0319195136074117,"[1, 3, 8]"
monteverdi,,renaissance,Trajectory With Future,0.15931547216261518,0.24886363636363634,0.26288230953223074,13.957539682539673,0.10232904830355766,0.1007245192569592,"[3, 4, 5]"
monteverdi,,renaissance,Trajectory With Future,0.16981731146611234,0.29592592592592587,0.3629569855129383,13.760069097569096,0.12346782431052095,0.08806805258608924,"[3, 4, 5]"
monteverdi,,renaissance,Trajectory With Future,0.13075166474580865,0.27094594594594595,0.2822683090626919,16.14027063407868,0.12300810735253005,0.05501016795185449,"[3, 4, 5]"
monteverdi,,renaissance,Trajectory With Future,0.1651573613986659,0.3060283687943262,0.3694306827330747,13.476659451659442,0.12283777466105658,0.08521606056944948,"[3, 4, 5]"
monteverdi,,renaissance,Trajectory With Future,0.12510143324160977,0.2722868217054264,0.32616387919498707,21.794730269730273,0.12143676183923861,0.08017355215996981,"[3, 4, 5]"
monteverdi,,renaissance,Trajectory With Future,0.13009597203415282,0.28933333333333333,0.49617055601845994,20.034651459651464,0.12411572646471974,0.08920310158337134,"[3, 4, 5]"
monteverdi,,renaissance,Trajectory With Future,0.17223031843522593,0.2826241134751773,0.5217046609143693,12.333333333333337,0.02945301542776999,0.10621022602589424,"[3, 4, 5]"
monteverdi,,renaissance,Trajectory With Future,0.15988092799145878,0.2551282051282051,0.3277466129259886,14.51785714285714,0.05072498254965417,0.10229694529955008,"[3, 4, 5]"
monteverdi,,renaissance,Trajectory With Future,0.15717438545166004,0.2761904761904762,0.3307832703482002,14.976634476634475,0.12381872852233677,0.09539187678549249,"[3, 4, 5]"
monteverdi,,renaissance,Trajectory With Future,0.20484855014557454,0.01736111111111111,0.22478874169693255,10.43333333333333,0.09653259167597744,0.1631205673758865,"[2, 3, 7]"
monteverdi,,renaissance,Trajectory With Future,0.2005401127794918,0.2777777777777778,0.6295996850686758,15.883333333333336,0.09416498993963783,0.17253521126760563,"[3, 4, 5]"
monteverdi,,renaissance,Trajectory With Future,0.1595207552681969,0.049305555555555554,0.287946688592928,12.633333333333335,0.04703247480403136,0.1018843404808317,"[2, 3, 7]"
monteverdi,,renaissance,Trajectory With Future,0.11971898546362375,0.23814102564102563,0.38119802296973926,16.061111111111103,0.02340793526725854,0.05231126266931893,"[3, 4, 5]"
monteverdi,,renaissance,Trajectory With Future,0.16979927767113362,0.019047619047619046,0.2155663252943441,12.399206349206343,0.1041889504020441,0.122289220353327,"[2, 3, 7]"
monteverdi,,renaissance,Trajectory With Future,0.19562125665785993,0.297549019607843,0.45303083245155157,14.145238095238094,0.09944116111723054,0.15049751243781095,"[3, 4, 5]"
monteverdi,,renaissance,Trajectory With Future,0.1647078695025649,0.31224489795918364,0.4522333143927221,14.761890886890885,0.12381872852233677,0.0889609637437739,"[3, 4, 5]"
monteverdi,,renaissance,Trajectory With Future,0.15768427863266335,0.25462962962962965,0.3835650595053766,17.110389610389603,0.12303532592723211,0.10984241191882063,"[3, 4, 5]"
monteverdi,,renaissance,Trajectory With Future,0.2036058207705945,0.3052083333333333,0.4448483939168423,13.29285714285714,0.1235705751834784,0.14124044679600234,"[3, 4, 5]"
monteverdi,,renaissance,Trajectory With Future,0.12935465895964718,0.27541666666666664,0.3845049909522307,13.619047619047615,0.018390255552901837,0.05804285257435241,"[3, 4, 5]"
monteverdi,,renaissance,Trajectory With Future,0.14696308049991194,0.2947916666666667,0.5162466921436816,20.7654761904762,0.1202349706286714,0.12207800196850394,"[3, 4, 5]"
monteverdi,,renaissance,Trajectory With Future,0.09284271858979655,0.27070393374741203,0.34865472139653825,17.158553877141525,0.07630451713395639,0.024073201019317106,"[3, 4, 5]"
monteverdi,,renaissance,Trajectory With Future,0.15934263480383712,0.015986394557823132,0.20183981199525497,14.590462315462313,0.1270475372279496,0.09463178214975151,"[2, 3, 7]"
monteverdi,,renaissance,Trajectory With Future,0.132144649319205,0.2826754385964912,0.3497023154230094,17.63249548439177,0.10741721854304635,0.060882422374911475,"[3, 4, 5]"
monteverdi,,renaissance,Trajectory With Future,0.13765192546495836,0.3190476190476191,0.48475674941772423,15.800987737752434,0.10009383797309977,0.06270901646030115,"[3, 4, 5]"
monteverdi,,renaissance,Trajectory With Future,0.20178726111517542,0.28854166666666664,0.35545480892243864,13.735714285714282,0.11367127496159754,0.15408048741382074,"[3, 4, 5]"
monteverdi,,renaissance,Trajectory With Future,0.19217429495570207,0.0595959595959596,0.259375577763207,13.059523809523807,0.12740384615384617,0.14321678321678322,"[2, 3, 7]"
monteverdi,,renaissance,Trajectory With Future,0.13946042687822258,0.258695652173913,0.32973965960024193,17.77029637029636,0.11147845999713754,0.07417983476377636,"[3, 4, 5]"
monteverdi,,renaissance,Trajectory With Future,0.13956868865306923,0.25610328638497654,0.3090770849290162,22.103979353979355,0.06710977320221019,0.10928230518756413,"[3, 4, 5]"
monteverdi,,renaissance,Trajectory With Future,0.1904201099616375,0.2912037037037037,0.43560302018510105,14.285714285714281,0.12287055667337358,0.13693270735524257,"[3, 4, 5]"
monteverdi,,renaissance,Trajectory With Future,0.17771995535593532,0.3277777777777778,0.5133722603138237,12.316666666666666,0.02687569988801792,0.1,"[3, 4, 5]"
monteverdi,,renaissance,Trajectory With Future,0.20586551613199683,0.15428571428571428,0.3489639007854742,15.550000000000002,0.09241128083166045,0.17271776482892573,"[2, 3, 7]"
mozart,,classical,Trajectory With Future,0.06979205932792171,0.17510822510822513,0.21288009447225084,54.47557270910375,0.07981455423136533,0.04151338495291822,"[3, 4, 5]"
mozart,,classical,Trajectory With Future,0.06028805180199856,0.19373795761079,0.2678086377197448,40.90233867334091,0.04261438735884252,0.02018831377558475,"[3, 4, 5]"
mozart,,classical,Trajectory With Future,0.11751818528429707,0.1986363636363636,0.2529296048490094,27.839776889776886,0.07600412723925368,0.08503313722964172,"[3, 4, 5]"
mozart,,classical,Trajectory With Future,0.0693573053293208,0.18627450980392155,0.2438188352099497,52.31509848996335,0.06166683391051424,0.04090247583254663,"[3, 4, 5]"
mozart,,classical,Trajectory With Future,0.05835401947049155,0.20747911921032652,0.2252505481454988,52.09617774001513,0.04369968292350973,0.03901509995604121,"[3, 4, 5]"
mozart,,classical,Trajectory With Future,0.08554389740269071,0.19611872146118722,0.2341441900422717,36.78075705814809,0.07612580663627658,0.048810849229075345,"[3, 4, 5]"
mozart,,classical,Trajectory With Future,0.07589764840207476,0.18660337552742617,0.27165889725964626,29.999057442328663,0.042527607979272006,0.025184776444706836,"[3, 4, 5]"
mozart,,classical,Trajectory With Future,0.05984654754511347,0.18500656167979,0.2800443982819715,28.472763659168738,0.007917723302338687,0.014290891877098772,"[3, 4, 5]"
mozart,,classical,Trajectory With Future,0.07872916294667323,0.17240437158469946,0.2632747689878957,40.671477950154625,0.06465183040387062,0.05889057831106186,"[3, 4, 5]"
mozart,,classical,Trajectory With Future,0.07842377830216339,0.18459429824561402,0.2860542052333891,30.49300144300145,0.013648186455455511,0.03535349994742192,"[3, 4, 5]"
mozart,,classical,Trajectory With Future,0.07265495979949821,0.17806267806267806,0.26451456647788135,42.99598794280424,0.1091991033217852,0.030781645435217636,"[3, 4, 5]"
mozart,,classical,Trajectory With Future,0.09887093320956268,0.19688888888888886,0.21921149709998639,32.44109362859364,0.06297218163075423,0.08001167685388076,"[3, 4, 5]"
mozart,,classical,Trajectory With Future,0.07137216757213044,0.20004960317460319,0.296304880128892,32.196112221112216,0.015157185837359845,0.032926963111865895,"[3, 4, 5]"
mozart,,classical,Trajectory With Future,0.09170307634464374,0.1660891089108911,0.252595925082808,28.132292707292713,0.02345592138562769,0.045326487805546795,"[2, 3, 7]"
mozart,,classical,Trajectory With Future,0.10117599236404369,0.2104938271604938,0.2843825333114951,22.66453388872363,0.12073461687843311,0.043355578447619475,"[3, 4, 5]"
mozart,,classical,Trajectory With Future,0.0998614702079555,0.19335511982570808,0.2714858865744592,26.36775586983626,0.12287712108139201,0.04466439839158676,"[3, 4, 5]"
mozart,,classical,Trajectory With Future,0.08387904060049575,0.20669781931464176,0.26760304767175425,24.92088744588745,0.016217405962333273,0.04062506476549709,"[3, 4, 5]"
mozart,,classical,Trajectory With Future,0.09251891997540694,0.20664845173041893,0.28145454039292916,29.960075665648436,0.12960509809824872,0.05170979198376459,"[3, 4, 5]"
mozart,,classical,Trajectory With Future,0.09901341534549193,0.19960784313725494,0.3210398284810876,27.946455969699585,0.11802028241783179,0.036694572065821794,"[2, 3, 7]"
mozart,,classical,Trajectory With Future,0.0690287079195569,0.20252225519287834,0.2840001938379969,31.91538778200166,0.07045861930705902,0.021144943402284785,"[3, 4, 5]"
mozart,,classical,Trajectory With Future,0.08923740310755943,0.20211505922165818,0.25858241564999096,32.328300294476776,0.09949321945119724,0.05737921108920794,"[3, 4, 5]"
mozart,,classical,Trajectory With Future,0.0666745925110831,0.21717557251908395,0.2976750680657104,36.0660137546234,0.06884559556306596,0.024845332275093,"[3, 4, 5]"
mozart,,classical,Trajectory With Future,0.0692174331865607,0.19628482972136221,0.27811560726294665,34.330471395707,0.0890702489286918,0.026374770284891293,"[2, 3, 7]"
mozart,,classical,Trajectory With Future,0.09719925272562861,0.21223958333333334,0.272197643522977,34.96656631183589,0.10334504394898363,0.04955809195708343,"[3, 4, 5]"
mozart,,classical,Trajectory With Future,0.06905095296208867,0.21680952380952384,0.2748041939218665,31.559061802219624,0.07058862913727208,0.018305933835286198,"[3, 4, 5]"
mozart,,classical,Trajectory With Future,0.0789462257575459,0.17089646464646469,0.29440508561830725,28.570207303876046,0.03994121872961131,0.0360394179526868,"[3, 4, 5]"
mozart,,classical,Trajectory With Future,0.0816997904229991,0.2042022792022792,0.287294529241047,34.4827669363046,0.10685500546819715,0.042881053239360305,"[3, 4, 5]"
mozart,,classical,Trajectory With Future,0.08598248055354019,0.1809620596205962,0.2525205378320175,41.49672188406726,0.06298904458871268,0.0576101765063295,"[3, 4, 5]"
mozart,,classical,Trajectory With Future,0.11594512386826061,0.2214714714714715,0.2993927318114251,23.18031839161872,0.12408473879062114,0.05464184752666613,"[2, 3, 7]"
mozart,,classical,Trajectory With Future,0.10224439220752564,0.1698924731182796,0.29249330639704657,23.36611732911204,0.07691337788425168,0.041608876560332866,"[3, 4, 5]"
mozart,,classical,Trajectory With Future,0.10663134382214323,0.20658602150537636,0.28655690747469964,24.271160627808925,0.12213225371120107,0.05396564946762025,"[3, 4, 5]"
mozart,,classical,Trajectory With Future,0.08550894807748664,0.17518684603886395,0.28373363182366923,32.80878637186689,0.03878499853371082,0.046801151585429246,"[3, 4, 5]"
mozart,,classical,Trajectory With Future,0.07454333281004394,0.19855595667870035,0.2495290035062164,29.680463743820845,0.12480759236850406,0.02336104934372756,"[3, 4, 5]"
mozart,,classical,Trajectory With Future,0.08059515074387533,0.23165204678362572,0.2915145211726155,25.256050333638907,0.11397589194946023,0.021022203471929252,"[3, 4, 5]"
mozart,,classical,Trajectory With Future,0.10382030988659066,0.21604010025062656,0.2686261403906771,23.86925083467763,0.11244997141223556,0.043697617769703975,"[3, 4, 5]"
mozart,,classical,Trajectory With Future,0.07741671715319577,0.22590439276485788,0.2730566303023151,22.614192101719777,0.050772543538211624,0.017886384952723773,"[3, 4, 5]"
mozart,,classical,Trajectory With Future,0.10033654458974776,0.23737373737373735,0.299670334756242,22.084983377475645,0.027957656856203824,0.03982740088151039,"[3, 4, 5]"
mozart,,classical,Trajectory With Future,0.1370771962136844,0.23133333333333336,0.30051245011843514,20.51300921300922,0.11928623254126605,0.09257349584974559,"[3, 4, 5]"
mozart,,classical,Trajectory With Future,0.11303398607551589,0.26737891737891734,0.34661850392344395,15.943167943167943,0.025180772262039835,0.04099522228520528,"[3, 4, 5]"
mozart,,classical,Trajectory With Future,0.12181145302495722,0.2228260869565217,0.2903346481916323,17.846900494063753,0.12310094277307392,0.04994632022099181,"[3, 4, 5]"
mozart,,classical,Trajectory With Future,0.11873230532071215,0.20267857142857143,0.2966589831323963,25.3788961038961,0.11121143565089756,0.07617790737042847,"[3, 4, 5]"
mozart,,classical,Trajectory With Future,0.12161413559225372,0.2143859649122807,0.28764865745438817,21.284970829823774,0.12433862433862433,0.06421884993313565,"[3, 4, 5]"
mozart,,classical,Trajectory With Future,0.15024753246558498,0.19033816425120773,0.28825387105535843,21.05638528138529,0.12406970087304997,0.10514587170566432,"[3, 4, 5]"
mozart,,classical,Trajectory With Future,0.08457456864716512,0.20091036414565824,0.27888162514109033,38.378780849593795,0.08634243837441706,0.04485439279131681,"[3, 4, 5]"
mozart,,classical,Trajectory With Future,0.11905822638390193,0.245125786163522,0.3602334839968955,15.988095238095234,0.023967501692620175,0.05142787702029408,"[3, 4, 5]"
mozart,,classical,Trajectory With Future,0.1137671445964852,0.18538812785388128,0.27302889232276184,32.3096694971695,0.07714184145040882,0.07125575948099179,"[3, 4, 5]"
mozart,,classical,Trajectory With Future,0.0897633815328269,0.21577235772357725,0.28955077833456105,35.47633117872993,0.10812390087792793,0.0493455922633093,"[3, 4, 5]"
mozart,,classical,Trajectory With Future,0.25741320130310064,0.22105263157894733,0.30115464566994427,10.116666666666667,0.12087087087087087,0.1945945945945946,"[3, 4, 5]"
mozart,,classical,Trajectory With Future,0.147077156172059,0.24166666666666667,0.272846113148295,14.719913419913414,0.077116704805492,0.07493061979648474,"[3, 4, 5]"
mozart,,classical,Trajectory With Future,0.11350930579471681,0.22166666666666665,0.2740440258007759,14.882322454806964,0.09051534743581695,0.04218064564508267,"[3, 4, 5]"
mozart,,classical,Trajectory With Future,0.1621502424283437,0.2303030303030303,0.30674865586024824,12.327788877788871,0.1309810211173483,0.0817418213969938,"[3, 4, 5]"
mozart,,classical,Trajectory With Future,0.15392892435936154,0.22373737373737373,0.3140697493467368,16.661356698856697,0.0817968291250734,0.07343406880685978,"[3, 4, 5]"
palestrina,,renaissance,Trajectory With Future,0.18932524917159163,0.287962962962963,0.3833689889877754,13.296825396825392,0.12334004024144869,0.11817480223808605,"[3, 4, 5]"
palestrina,,renaissance,Trajectory With Future,0.16123351173503414,0.32278911564625856,0.4135468746078793,14.848337773337768,0.12381872852233677,0.08862901984920757,"[3, 4, 5]"
palestrina,,renaissance,Trajectory With Future,0.19319806510701318,0.3009803921568628,0.36070914165706364,13.428571428571423,0.12347354138398915,0.13214415726246814,"[3, 4, 5]"
palestrina,,renaissance,Trajectory With Future,0.17345452286102703,0.2723577235772358,0.36512233821831536,13.742099567099562,0.12314814814814815,0.1034193006269795,"[3, 4, 5]"
palestrina,,renaissance,Trajectory With Future,0.1464532874643295,0.2814516129032258,0.3227771993287969,14.136482520560445,0.12375049980007997,0.057843274417447806,"[3, 4, 5]"
palestrina,,renaissance,Trajectory With Future,0.20372943763886409,0.2844444444444444,0.32289378736579094,11.345310245310245,0.119520748100526,0.12394988946204864,"[3, 4, 5]"
palestrina,,renaissance,Trajectory With Future,0.1294763126562149,0.26333333333333336,0.3086838105334664,13.376934176934167,0.07109095332429709,0.05403677058353317,"[3, 4, 5]"
palestrina,,renaissance,Trajectory With Future,0.2190239921719296,0.28580246913580243,0.33859256244441915,12.299999999999997,0.10449927431059507,0.15943396226415094,"[3, 4, 5]"
palestrina,,renaissance,Trajectory With Future,0.207498239861372,0.2966666666666667,0.38628301315277497,13.242857142857142,0.10040419043464349,0.16015996952961342,"[3, 4, 5]"
palestrina,,renaissance,Trajectory With Future,0.18327685790147968,0.26515151515151514,0.3041547895271517,11.782178932178928,0.12115384615384617,0.11094257854821236,"[3, 4, 5]"
palestrina,,renaissance,Trajectory With Future,0.19326325503106515,0.2774509803921569,0.35000958999301274,12.359126984126979,0.11420171867933061,0.1186403747684933,"[3, 4, 5]"
palestrina,,renaissance,Trajectory With Future,0.1926851995313489,0.2898148148148148,0.32357921593441524,13.098088023088023,0.12072434607645875,0.10783450704225353,"[3, 4, 5]"
palestrina,,renaissance,Trajectory With Future,0.1606139581562874,0.25192307692307697,0.3305716447446208,17.51507936507937,0.12764344925966856,0.12563396609187075,"[3, 4, 5]"
palestrina,,renaissance,Trajectory With Future,0.23397935199936087,0.2777777777777778,0.3845026953422459,12.100000000000001,0.10230274969794909,0.19076812116840966,"[3, 4, 5]"
palestrina,,renaissance,Trajectory With Future,0.17787420150760455,0.24646464646464644,0.32369107923798757,11.595238095238088,0.11875000000000001,0.11252747252747253,"[3, 4, 5]"
palestrina,,renaissance,Trajectory With Future,0.16636274242263224,0.2635416666666666,0.32176551681133075,13.85689449439449,0.12541993281075028,0.0815881809787627,"[3, 4, 5]"
palestrina,,renaissance,Trajectory With Future,0.15867548990111183,0.1422413793103448,0.2363156335384115,17.83971861471861,0.08085758376327751,0.09642380175100164,"[2, 3, 7]"
palestrina,,renaissance,Trajectory With Future,0.19664031590336678,0.2657407407407407,0.3604163335389581,13.56507936507936,0.12072434607645875,0.12065399389343053,"[3, 4, 5]"
palestrina,,renaissance,Trajectory With Future,0.23364891234761387,0.2743055555555555,0.3536870585333643,11.950000000000001,0.10011075961706467,0.18451342867108475,"[3, 4, 5]"
palestrina,,renaissance,Trajectory With Future,0.18570886095466774,0.27432432432432435,0.3413529189730889,13.430230880230877,0.12369989852866564,0.1160354552780016,"[3, 4, 5]"
palestrina,,renaissance,Trajectory With Future,0.17104694970787218,0.2192307692307692,0.2720483248916267,12.274181374181367,0.1179084073820916,0.09376623376623376,"[3, 4, 5]"
palestrina,,renaissance,Trajectory With Future,0.1503863087032916,0.27812499999999996,0.31604775699837506,10.936904761904755,0.045688689809630464,0.07439186200796108,"[3, 4, 5]"
palestrina,,renaissance,Trajectory With Future,0.23392564682252445,0.275,0.36176594393818623,9.63333333333333,0.11943319838056679,0.17464925012094823,"[3, 4, 5]"
palestrina,,renaissance,Trajectory With Future,0.20560534521979446,0.264516129032258,0.31552204480415863,12.103571428571424,0.11830601092896174,0.12719050310910118,"[3, 4, 5]"
palestrina,,renaissance,Trajectory With Future,0.19661829811074782,0.23888888888888887,0.3705296529283926,10.6,0.03983903420523139,0.10617551462621884,"[3, 4, 5]"
palestrina,,renaissance,Trajectory With Future,0.20680992045755967,0.27944444444444444,0.3379122760473413,12.742857142857142,0.11133839859731151,0.14398219482965247,"[3, 4, 5]"
palestrina,,renaissance,Trajectory With Future,0.16783964202355375,0.2663120567375886,0.3530465189793751,12.66349206349206,0.05960729312762974,0.08808602150537635,"[3, 4, 5]"
palestrina,,renaissance,Trajectory With Future,0.2317161738694979,0.2659722222222222,0.3535204652403623,11.733333333333334,0.09504786831823203,0.18153740562800275,"[3, 4, 5]"
palestrina,,renaissance,Trajectory With Future,0.1603097057328742,0.2758333333333333,0.27445796681662493,12.394480519480512,0.1196040246673158,0.09437825763216678,"[3, 4, 5]"
palestrina,,renaissance,Trajectory With Future,0.21224983605431422,0.267816091954023,0.30463139411220586,12.392857142857139,0.10208054597646997,0.14327485380116958,"[3, 4, 5]"
palestrina,,renaissance,Trajectory With Future,0.1827672666099673,0.31406249999999997,0.3764779148454733,11.547619047619039,0.12241850145075953,0.11644250575548284,"[3, 4, 5]"
palestrina,,renaissance,Trajectory With Future,0.19190075256034234,0.24166666666666664,0.32100813308513076,13.660714285714281,0.11549295774647887,0.12412605127165872,"[3, 4, 5]"
palestrina,,renaissance,Trajectory With Future,0.18939956793690985,0.2888888888888889,0.29472830083749973,10.924603174603167,0.11922852133255406,0.11683801055848847,"[3, 4, 5]"
palestrina,,renaissance,Trajectory With Future,0.2552146707981286,0.2425,0.30297070365228207,10.733333333333334,0.10191166687011562,0.20122630992196208,"[3, 4, 5]"
palestrina,,renaissance,Trajectory With Future,0.159899076822353,0.18636363636363637,0.2951939504051818,16.7362554112554,0.11297995242949373,0.09288990825688073,"[2, 3, 7]"
palestrina,,renaissance,Trajectory With Future,0.17879620815726252,0.2414634146341463,0.28584906550696637,11.638276021364254,0.1111111111111111,0.08529741863075196,"[3, 4, 5]"
palestrina,,renaissance,Trajectory With Future,0.1957380566163953,0.28273809523809523,0.29078723405593615,10.942857142857136,0.12154882154882156,0.12744755244755246,"[3, 4, 5]"
palestrina,,renaissance,Trajectory With Future,0.14754816374615512,0.2880555555555555,0.33029498577515365,16.28224357342004,0.11978350662298817,0.07331353594069207,"[3, 4, 5]"
palestrina,,renaissance,Trajectory With Future,0.19806104843243083,0.2589285714285714,0.2658866054961012,10.669047619047612,0.10404040404040404,0.1291322314049587,"[3, 4, 5]"
palestrina,,renaissance,Trajectory With Future,0.17508776511979554,0.3068376068376069,0.33923577141614225,13.195670995670989,0.11879129642287538,0.10082390727552018,"[3, 4, 5]"
palestrina,,renaissance,Trajectory With Future,0.18492942187415695,0.2939814814814815,0.3300251273143125,12.678571428571422,0.12092555331991951,0.11579544380376217,"[3, 4, 5]"
palestrina,,renaissance,Trajectory With Future,0.1489990633999037,0.24313725490196075,0.28213375596920326,12.872780813957275,0.12376237623762378,0.0689483990181748,"[3, 4, 5]"
palestrina,,renaissance,Trajectory With Future,0.16494311520777155,0.24326241134751775,0.2869819302525,12.847763347763342,0.12272089761570829,0.07872902481675782,"[3, 4, 5]"
palestrina,,renaissance,Trajectory With Future,0.19866690887865468,0.23047619047619047,0.32997324535763894,13.724603174603171,0.10289510136393971,0.12502703871944626,"[3, 4, 5]"
palestrina,,renaissance,Trajectory With Future,0.19699290800381788,0.2730392156862745,0.41305669061372424,13.096825396825393,0.12339816071159354,0.13214415726246814,"[3, 4, 5]"
palestrina,,renaissance,Trajectory With Future,0.18442855561314217,0.22598039215686272,0.2871808934724396,12.357936507936502,0.09840557254325734,0.1186403747684933,"[3, 4, 5]"
palestrina,,renaissance,Trajectory With Future,0.19456821227961105,0.27352941176470585,0.3699107846258852,13.324206349206346,0.12320970903060456,0.12798213656128804,"[3, 4, 5]"
palestrina,,renaissance,Trajectory With Future,0.16361958731243265,0.24920634920634915,0.34465978177443024,12.105158730158726,0.06846899794299148,0.09768804949527841,"[3, 4, 5]"
palestrina,,renaissance,Trajectory With Future,0.1808796302001955,0.2351851851851852,0.33504984151762707,12.067460317460315,0.096579476861167,0.11470518023394605,"[3, 4, 5]"
palestrina,,renaissance,Trajectory With Future,0.13632427071676073,0.2864734299516908,0.30484736325423084,14.945285940409772,0.12398024903392015,0.05710968666246742,"[3, 4, 5]"
palestrina,,renaissance,Trajectory With Future,0.17622283371316153,0.2121212121212121,0.31783967503921895,14.93650793650793,0.12202619620422347,0.10898909519599174,"[3, 4, 5]"
palestrina,,renaissance,Trajectory With Future,0.20172749880909308,0.2641414141414141,0.3427413758129491,13.011904761904757,0.12139423076923078,0.1301970756516211,"[3, 4, 5]"
palestrina,,renaissance,Trajectory With Future,0.24584268730132045,0.3125,0.3714261232491283,10.042857142857141,0.09027130149013805,0.1889063317634746,"[3, 4, 5]"
palestrina,,renaissance,Trajectory With Future,0.19594292694507157,0.2742424242424243,0.2895189196478398,12.541269841269836,0.11129807692307693,0.11934731934731936,"[3, 4, 5]"
palestrina,,renaissance,Trajectory With Future,0.20183453438755367,0.3098958333333333,0.4261690116465963,12.542460317460314,0.12007168458781362,0.13149972632731252,"[3, 4, 5]"
palestrina,,renaissance,Trajectory With Future,0.1445257598057994,0.26366666666666666,0.27982941371642694,12.819184410360874,0.12378890950319521,0.07196595030422924,"[3, 4, 5]"
palestrina,,renaissance,Trajectory With Future,0.18669417422106047,0.2733333333333333,0.2838715612745135,11.16468253968253,0.12302746931618937,0.11878531073446329,"[3, 4, 5]"
palestrina,,renaissance,Trajectory With Future,0.19275066686270764,0.26129032258064516,0.3198048472782234,10.835714285714278,0.09972677595628415,0.11168990347786117,"[3, 4, 5]"
palestrina,,renaissance,Trajectory With Future,0.20079844569013588,0.275,0.2667418835601986,11.78975468975469,0.1228878648233487,0.11469149063134024,"[3, 4, 5]"
palestrina,,renaissance,Trajectory With Future,0.16251709256003322,0.26972789115646256,0.3606886492340356,15.638924963924957,0.11675615693012598,0.09694929518199032,"[3, 4, 5]"
schumann,,classical,Trajectory With Future,0.11757884129555563,0.1938679245283019,0.2926868421869783,19.038569759274107,0.12403520649966147,0.045674112617240574,"[3, 4, 5]"
schumann,,classical,Trajectory With Future,0.15750058398852776,0.1664021164021164,0.273531119787563,18.44522422022422,0.12387096774193548,0.09491358024691357,"[3, 4, 5]"
schumann,,classical,Trajectory With Future,0.125813382783653,0.24244186046511626,0.28961699063470336,17.3502070426993,0.10185758513931888,0.05417580409356725,"[3, 4, 5]"
schumann,,classical,Trajectory With Future,0.12250402428479888,0.25131086142322095,0.3218105475701581,18.042749044938116,0.1242295839753467,0.05408085590776086,"[3, 4, 5]"
schumann,,classical,Trajectory With Future,0.07613395736854929,0.19660818713450293,0.2698194059382275,33.896508171638864,0.050180697542018364,0.03399269136308802,"[3, 4, 5]"
schumann,,classical,Trajectory With Future,0.0675638694080508,0.16625716625716627,0.25534027087475236,42.91862301651928,0.11958625529137862,0.025712303112056464,"[3, 4, 5]"
schumann,,classical,Trajectory With Future,0.11055654474679423,0.21310432569974552,0.27520642261297507,28.72079032079032,0.05698070142202848,0.07445882736865006,"[3, 4, 5]"
schumann,,classical,Trajectory With Future,0.09098698344867094,0.2258241758241758,0.330339772388438,26.073377439553916,0.05631401914676651,0.04539992145955315,"[3, 4, 5]"
schumann,,classical,Trajectory With Future,0.11830133305357494,0.24627450980392157,0.3012205801204046,15.748336498831172,0.12545787545787546,0.04696454363322928,"[3, 4, 5]"
schumann,,classical,Trajectory With Future,0.1045296533115367,0.12494172494172494,0.25578198340685326,26.147764379844773,0.11686434395848777,0.04892683123263399,"[3, 4, 5]"
schumann,,classical,Trajectory With Future,0.11505227027121445,0.21137071651090344,0.2823432349907712,20.721402818887345,0.12196238226001711,0.05047959206595233,"[3, 4, 5]"
schumann,,classical,Trajectory With Future,0.11232115998541238,0.21428571428571427,0.24991732167265074,31.15914918414919,0.06671110002138463,0.08837377761680551,"[3, 4, 5]"
schumann,,classical,Trajectory With Future,0.13334444578781043,0.24349593495934957,0.33777221049024503,17.389910497998727,0.10819510717261228,0.057996043898667575,"[3, 4, 5]"
schumann,,classical,Trajectory With Future,0.10550316878910027,0.16195856873822975,0.2687476310893171,22.094949494949503,0.025028397593907518,0.04764169475403735,"[2, 3, 7]"
schumann,,classical,Trajectory With Future,0.06266935091288543,0.167310443490701,0.27616527965056176,43.42582238957363,0.05467238606473547,0.027647403167421484,"[3, 4, 5]"
schumann,,classical,Trajectory With Future,0.1983822757826459,0.18828828828828828,0.32381075207245724,15.160714285714283,0.10453857722693338,0.14672251783086154,"[3, 4, 5]"
schumann,,classical,Trajectory With Future,0.09970872752425505,0.20480769230769227,0.21195428524983428,37.80891053391064,0.047260703964880066,0.08876190620639447,"[3, 4, 5]"
schumann,,classical,Trajectory With Future,0.16635553138256468,0.2003205128205128,0.31068851183228846,18.28809523809524,0.1076137423810675,0.1262621359223301,"[3, 4, 5]"
schumann,,classical,Trajectory With Future,0.15133013735078546,0.24557823129251696,0.2887780407358117,12.998622211122202,0.12349656357388315,0.07686918226403763,"[3, 4, 5]"
schumann,,classical,Trajectory With Future,0.2586981392127195,0.27156862745098037,0.27885079078348207,8.73333333333333,0.0995174963924964,0.18920916481892092,"[3, 4, 5]"
schumann,,classical,Trajectory With Future,0.17454632284520658,0.24358974358974358,0.3232492888693787,11.28968253968253,0.07997265892002735,0.0931382050785036,"[3, 4, 5]"
schumann,,classical,Trajectory With Future,0.2227939824251467,0.30454545454545456,0.3648498112637279,9.93333333333333,0.12181616832779622,0.1602470930232558,"[3, 4, 5]"
schumann,,classical,Trajectory With Future,0.1879702000206228,0.18870967741935485,0.4033903460102869,7.333333333333333,0.01639344262295082,0.10440034512510786,"[3, 4, 5]"
schumann,,classical,Trajectory With Future,0.11623843169514038,0.2757936507936508,0.38679634673378094,8.233333333333333,0.004617271481134117,0.03649843170801255,"[3, 4, 5]"
schumann,,classical,Trajectory With Future,0.1311856629391262,0.23159203980099502,0.28421247181996045,14.815324952824948,0.0906053011316169,0.0619344972600994,"[3, 4, 5]"
schumann,,classical,Trajectory With Future,0.1990994781030625,0.39597701149425285,0.5040489375182224,6.0,0.006787802840434418,0.09551656920077972,"[3, 4, 5]"
schumann,,classical,Trajectory With Future,0.17318900264465142,0.315625,0.3891893234729579,13.077380952380947,0.06065696155281822,0.09026108578532946,"[3, 4, 5]"
schumann,,classical,Trajectory With Future,0.2012171844005939,0.25555555555555554,0.3161025693485555,10.085714285714278,0.12191582002902758,0.13015017327685793,"[3, 4, 5]"
schumann,,classical,Trajectory With Future,0.15767923832318056,0.19808743169398904,0.27306187485784167,20.914285714285718,0.06893330534913837,0.12714558169103624,"[3, 4, 5]"
schumann,,classical,Trajectory With Future,0.09300298059719063,0.18958333333333335,0.24994256097073522,39.65941835941851,0.04483812001138767,0.06983185684861756,"[2, 3, 7]"
schumann,,classical,Trajectory With Future,0.1567149435698337,0.23624338624338626,0.32542771985292623,20.020743145743154,0.1050675419631515,0.10149174917491749,"[3, 4, 5]"
schumann,,classical,Trajectory With Future,0.10728448580432415,0.19456018518518517,0.2710258972492025,29.589535893118846,0.11433688262956555,0.05293526826161915,"[3, 4, 5]"
schumann,,classical,Trajectory With Future,0.051545555141694684,0.18556967984934086,0.27028431054059476,43.87299645442716,0.01813186704830133,0.017603677181525917,"[3, 4, 5]"
schumann,,classical,Trajectory With Future,0.14327617638257803,0.23422619047619048,0.31730753419643104,13.975617438117432,0.12743652743652745,0.0686454716681417,"[3, 4, 5]"
schumann,,classical,Trajectory With Future,0.1701648147154685,0.17013888888888887,0.2696676106202007,17.259523809523817,0.07612861942089266,0.14054446460980036,"[3, 4, 5]"
schumann,,classical,Trajectory With Future,0.1319798321767471,0.20145833333333335,0.2883650317227434,18.500754800754795,0.10699785048961069,0.06661557364086469,"[3, 4, 5]"
schumann,,classical,Trajectory With Future,0.1731317806400344,0.2753623188405797,0.29932128448521933,16.184126984126983,0.1141321222400198,0.11295810788196575,"[3, 4, 5]"
schumann,,classical,Trajectory With Future,0.14099056590291,0.2075520833333333,0.30452890654615195,16.594841269841265,0.07761529808773902,0.09071446714322001,"[3, 4, 5]"
schumann,,classical,Trajectory With Future,0.17536163699056756,0.22272727272727275,0.43574204018422474,15.837301587301582,0.10295515671040874,0.12144499178981938,"[3, 4, 5]"
schumann,,classical,Trajectory With Future,0.17627597205495316,0.15984848484848485,0.36029393485933087,16.036904761904758,0.08157779470653835,0.13366587146678233,"[3, 4, 5]"
schumann,,classical,Trajectory With Future,0.18832284197050467,0.1397163120567376,0.3283160260581162,15.753571428571425,0.08890447249493533,0.11766071014156416,"[3, 4, 5]"
schumann,,classical,Trajectory With Future,0.16195398227296764,0.20614035087719298,0.30306731138369597,20.169047619047625,0.08278269528594139,0.13342409802586794,"[3, 4, 5]"
schumann,,classical,Trajectory With Future,0.17820406964201063,0.08589743589743591,0.22168838875117844,14.853571428571428,0.10923900660742766,0.13891293891293893,"[2, 3, 7]"
schumann,,classical,Trajectory With Future,0.1570088531299942,0.22134502923976607,0.3202565006640702,17.093001443001437,0.12326169405815425,0.09806435473279339,"[3, 4, 5]"
schumann,,classical,Trajectory With Future,0.15068606181414854,0.22275132275132276,0.3121886183878312,16.09225162092809,0.12387096774193548,0.0672910284463895,"[3, 4, 5]"
schumann,,classical,Trajectory With Future,0.28172002228954685,0.24537037037037038,0.4608931216185477,11.000000000000002,0.0866106442577031,0.2663594470046083,"[3, 4, 5]"
schumann,,classical,Trajectory With Future,0.07204216341520688,0.16605504587155961,0.23942561512001848,45.22851617698009,0.12213336305586325,0.03934019406535945,"[3, 4, 5]"
schumann,,classical,Trajectory With Future,0.06315250907809555,0.19536423841059603,0.2891172895180272,28.46431150548798,0.05103041118662299,0.01991624576822323,"[3, 4, 5]"
schumann,,classical,Trajectory With Future,0.08788961151037931,0.17692837465564737,0.24832830427095445,38.46027464967104,0.12096995097464297,0.05090957380912274,"[3, 4, 5]"
schumann,,classical,Trajectory With Future,0.1220955141979048,0.20157232704402517,0.26729655470293057,26.063947163947173,0.11563981042654028,0.08162276112513078,"[3, 4, 5]"
schumann,,classical,Trajectory With Future,0.0855253929178395,0.1851491569390402,0.25876876587625275,36.6565956102722,0.035626074205009524,0.047803547396182235,"[3, 4, 5]"
schumann,,classical,Trajectory With Future,0.11937133003601125,0.19239766081871348,0.3152676194629742,22.944552669552678,0.07850668735647419,0.06637069541815938,"[2, 3, 7]"
schumann,,classical,Trajectory With Future,0.07959038540280944,0.17343550446998723,0.28689425289765724,26.5550594980542,0.033080491165903836,0.029344817094928838,"[3, 4, 5]"
schumann,,classical,Trajectory With Future,0.07281276444517579,0.2264808362369338,0.325180222107649,25.702024255820138,0.12131585691795116,0.01818227961668232,"[3, 4, 5]"
schumann,,classical,Trajectory With Future,0.24697103573249501,0.2907407407407408,0.3394145645281089,8.98333333333333,0.1184873949579832,0.18349206349206348,"[3, 4, 5]"
schumann,,classical,Trajectory With Future,0.13036157591973327,0.235,0.3587022208901776,20.896716891004495,0.12303056933023664,0.0670475706788556,"[3, 4, 5]"
schumann,,classical,Trajectory With Future,0.07801342955184125,0.14915254237288136,0.2722476922962171,31.925905930827565,0.044222691906417345,0.030424170053476994,"[2, 3, 7]"
schumann,,classical,Trajectory With Future,0.07367969753878442,0.1969989281886388,0.24268413923668908,37.739384162449326,0.024706267170421625,0.041238944479280434,"[3, 4, 5]"
schumann,,classical,Trajectory With Future,0.20130493297581467,0.2629629629629629,0.3211942703938599,9.978571428571422,0.12191582002902758,0.12883552506194018,"[3, 4, 5]"
schumann,,classical,Trajectory With Future,0.14310722131829756,0.2319634703196347,0.28744593283310493,20.98523143523144,0.10795019157088123,0.09433172595760167,"[3, 4, 5]"
schumann,,classical,Trajectory With Future,0.078747623139155,0.21843065693430655,0.3159449909789935,27.350807771259028,0.05290930885080794,0.023856349897147536,"[3, 4, 5]"
schumann,,classical,Trajectory With Future,0.1754835904722057,0.23506944444444444,0.3895189033351261,16.652380952380955,0.10638297872340426,0.13157894736842105,"[3, 4, 5]"
schumann,,classical,Trajectory With Future,0.13463760964757027,0.18130081300813009,0.3629282183846946,20.257257856522564,0.12489585700219648,0.07345170390936367,"[3, 4, 5]"
schumann,,classical,Trajectory With Future,0.22969187477430583,0.28015873015873016,0.4119465940222324,10.616666666666669,0.12174796747967481,0.1991040318566451,"[3, 4, 5]"
schumann,,classical,Trajectory With Future,0.06572176192973425,0.20262704565030143,0.28368948234258967,49.189936695521894,0.08799551312560241,0.03895255894960381,"[3, 4, 5]"
schumann,,classical,Trajectory With Future,0.11439760228571141,0.19015151515151515,0.3137877739054835,24.711081820245266,0.10663802861869794,0.04624173217757021,"[3, 4, 5]"
schumann,,classical,Trajectory With Future,0.09157126174454112,0.17239316239316235,0.30374296066439715,27.184769071388647,0.11333580685341743,0.034104004319410755,"[3, 4, 5]"
schumann,,classical,Trajectory With Future,0.09993750655971605,0.1847222222222222,0.23935514532329977,35.566081076646185,0.07486516865424361,0.06438572797266566,"[3, 4, 5]"
schumann,,classical,Trajectory With Future,0.0755410041630869,0.1782894736842105,0.32097540125409746,31.01743591787331,0.12137276330598464,0.020352886190533267,"[3, 4, 5]"
schumann,,classical,Trajectory With Future,0.22969187477430583,0.28015873015873016,0.4119465940222324,10.616666666666669,0.12174796747967481,0.1991040318566451,"[3, 4, 5]"
