Composer,Name,Style,Trajectory Type,Kalz Centrality,Global Clustering,Square Clustering,Harmonic Centrality,Closeness Centrality,Tonnetz,Instruments,Number Of Instr,Tempo,Time Signature
haydn,op01n0-01,classical,Recursive Trajectory,0.1377102590467035,0.2183333333333333,0.2969823918371331,15.403857253857245,0.07331353594069207,"[3, 4, 5]","['Viola', 'Violoncello', 'Violin']",3,217,['2/4']
haydn,op01n0-02,classical,Recursive Trajectory,0.1450737270835434,0.19962121212121212,0.35571762710298105,20.60198412698413,0.08357743097238896,"[3, 4, 5]",[],0,208,['3/4']
haydn,op01n0-03,classical,Recursive Trajectory,0.16434150187433777,0.19970238095238096,0.31793730029884654,12.776190476190475,0.08118463290877083,"[3, 4, 5]",[],0,239,['2/2']
haydn,op01n0-05,classical,Recursive Trajectory,0.17912641195635118,0.24572649572649574,0.28813536457207956,13.32261904761904,0.10476674163825002,"[3, 4, 5]",[],0,233,['2/4']
haydn,op01n1-01,classical,Recursive Trajectory,0.13356350029656008,0.22196969696969696,0.3267745827950155,16.33420393720636,0.04361370716510904,"[3, 4, 5]",[],0,217,['6/8']
haydn,op01n1-02,classical,Recursive Trajectory,0.14202885038670596,0.10258215962441314,0.3339856079866542,14.031349206349201,0.06827423167848701,"[3, 4, 5]",[],0,134,['3/4']
haydn,op01n1-03,classical,Recursive Trajectory,0.16360376814356756,0.24262820512820513,0.3423679165550232,16.130566655566653,0.09249973327643231,"[3, 4, 5]",[],0,231,['4/4']
haydn,op01n1-04,classical,Recursive Trajectory,0.16329822284614298,0.13066666666666665,0.3717158321760734,9.73333333333333,0.07149930679342444,"[3, 4, 5]",[],0,147,['3/4']
haydn,op01n1-05,classical,Recursive Trajectory,0.18141867989114777,0.255050505050505,0.3029792394510315,12.057936507936502,0.1166951566951567,"[3, 4, 5]",[],0,214,['2/4']
haydn,op01n2-01,classical,Recursive Trajectory,0.1260420333607113,0.20280701754385963,0.2712052882040366,20.035422960651566,0.05590894979159648,"[3, 4, 5]",[],0,227,['3/8']
haydn,op01n2-02,classical,Recursive Trajectory,0.19259152251188824,0.22037037037037036,0.27722565292792084,13.589321789321788,0.11981611893583724,"[3, 4, 5]",[],0,228,['3/4']
haydn,op01n2-03,classical,Recursive Trajectory,0.19661747941531105,0.2296296296296296,0.3010131762416075,14.270238095238092,0.13374822578884157,"[3, 4, 5]",[],0,235,['4/4']
haydn,op01n2-04,classical,Recursive Trajectory,0.13285711637185,0.24282407407407408,0.307048509546291,13.96620601620601,0.05341880341880342,"[3, 4, 5]",[],0,158,['3/4']
haydn,op01n2-05,classical,Recursive Trajectory,0.15552536994342317,0.21772486772486774,0.3197303346863051,12.998015873015868,0.06515254237288136,"[3, 4, 5]",[],0,223,['2/4']
haydn,op01n3-01,classical,Recursive Trajectory,0.1102717794072898,0.22540322580645158,0.2647574101782207,24.729113002617883,0.04849644667121852,"[3, 4, 5]",[],0,235,['3/4']
haydn,op01n3-03,classical,Recursive Trajectory,0.1373255741281909,0.1627147766323024,0.27353075532767923,15.729004329004322,0.04912272899108275,"[3, 4, 5]",[],0,234,['2/4']
haydn,op01n3-04,classical,Recursive Trajectory,0.12679822132275534,0.1474358974358974,0.3019815798407983,18.10119047619048,0.06587344187988312,"[3, 4, 5]",[],0,236,['3/4']
haydn,op01n3-05,classical,Recursive Trajectory,0.1199742123792457,0.2570957095709571,0.3309393010058643,13.81848413024883,0.035945273631840795,"[3, 4, 5]",[],0,217,['3/8']
haydn,op01n4-01,classical,Recursive Trajectory,0.13319728696830102,0.2492982456140351,0.3374379505214626,17.913863913863914,0.059048372215632,"[3, 4, 5]",[],0,228,['3/8']
haydn,op01n4-02,classical,Recursive Trajectory,0.1374493641138871,0.1708888888888889,0.2885015792181454,16.546147316735546,0.06383843359399052,"[3, 4, 5]",[],0,208,['3/4']
haydn,op01n4-03,classical,Recursive Trajectory,0.15420138840637543,0.21016949152542375,0.253622665424615,19.50003607503608,0.1097409799699876,"[3, 4, 5]",[],0,226,['4/4']
haydn,op01n4-04,classical,Recursive Trajectory,0.14200927122030596,0.20734126984126983,0.3640441809072835,19.40119047619048,0.08056429513853648,"[3, 4, 5]",[],0,200,['3/4']
haydn,op01n4-05,classical,Recursive Trajectory,0.11596617353929542,0.17706270627062706,0.2624150429484636,18.07241332779934,0.04369801093933909,"[3, 4, 5]",[],0,229,['2/4']
haydn,op01n6-01,classical,Recursive Trajectory,0.10557431069397175,0.25778816199376947,0.3051411551425921,13.660829242137284,0.0335306786335415,"[3, 4, 5]",[],0,226,['6/8']
haydn,op01n6-02,classical,Recursive Trajectory,0.1604127398799827,0.2706896551724138,0.3171103116773852,10.566666666666666,0.06324110671936758,"[3, 4, 5]",[],0,164,['3/4']
haydn,op01n6-04,classical,Recursive Trajectory,0.12506733707248718,0.17133956386292834,0.2707869734524414,22.378229222617783,0.061907567075456534,"[3, 4, 5]",[],0,173,['3/4']
haydn,op01n6-05,classical,Recursive Trajectory,0.18971590985868586,0.23780487804878048,0.29239211571698487,15.35238095238095,0.12118457926228887,"[3, 4, 5]",[],0,221,['2/4']
haydn,op09n2-01,classical,Recursive Trajectory,0.08444308200977527,0.2282269503546099,0.2816953407718846,31.368275162442547,0.025608803037736456,"[3, 4, 5]",[],0,220,['4/4']
haydn,op09n2-02,classical,Recursive Trajectory,0.1522376408457138,0.25677966101694916,0.3278512881488306,15.374564324564322,0.07081807081807082,"[3, 4, 5]",[],0,154,['3/4']
haydn,op09n2-03,classical,Recursive Trajectory,0.1508975765982021,0.21448087431693988,0.3048359267373937,19.978571428571435,0.1171341185657578,"[3, 4, 5]",[],0,136,"['4/4', '3/4']"
haydn,op09n2-04,classical,Recursive Trajectory,0.10740220484914721,0.1970657276995305,0.28476812330812035,21.465711451431254,0.04453974771502458,"[3, 4, 5]",[],0,231,['4/4']
haydn,op17n2-01,classical,Recursive Trajectory,0.09789807784142678,0.20274261603375526,0.27352970145151834,30.796155946736448,0.0634637418092406,"[3, 4, 5]",[],0,224,['4/4']
haydn,op17n2-02,classical,Recursive Trajectory,0.13978642318814946,0.24508196721311473,0.28469464650814313,14.021175765463347,0.060471679096956256,"[3, 4, 5]",[],0,125,['3/4']
haydn,op17n2-03,classical,Recursive Trajectory,0.10327363025434637,0.23791079812206573,0.31498616333145535,21.840578655128404,0.03798667991076517,"[3, 4, 5]",[],0,179,['4/4']
haydn,op17n2-04,classical,Recursive Trajectory,0.08146870221640076,0.21251819505094613,0.28089462289266764,19.378626772879034,0.017050782915115515,"[3, 4, 5]",[],0,227,['2/4']
haydn,op17n3-01,classical,Recursive Trajectory,0.10695128019324707,0.21267217630853996,0.2879574717355293,23.584936713613182,0.060354583176159944,"[3, 4, 5]",[],0,239,['2/4']
haydn,op17n3-02,classical,Recursive Trajectory,0.20999678137200223,0.21464646464646464,0.3407553259735424,13.996825396825395,0.15147928994082843,"[3, 4, 5]",[],0,235,['3/4']
haydn,op17n3-03,classical,Recursive Trajectory,0.12146662346224506,0.2202970297029703,0.30503794339373275,19.266954066969223,0.04820856955532416,"[3, 4, 5]",[],0,227,['3/4']
haydn,op17n3-04,classical,Recursive Trajectory,0.09371927797314149,0.2296184738955823,0.3426082895484512,18.525165303938003,0.02762192490289167,"[3, 4, 5]",[],0,234,['4/4']
haydn,op17n5-01,classical,Recursive Trajectory,0.13128644621492186,0.1549242424242424,0.25415289684283754,22.824119752796225,0.07878220140515223,"[3, 4, 5]",[],0,213,['4/4']
haydn,op17n5-02,classical,Recursive Trajectory,0.1365060425164727,0.259047619047619,0.3382209769739046,11.50238095238095,0.055511146638244954,"[3, 4, 5]",[],0,167,['3/4']
haydn,op17n5-03,classical,Recursive Trajectory,0.14383247294285442,0.17386831275720163,0.2466131787847046,25.84603174603175,0.1172612176844574,"[3, 4, 5]",[],0,136,['3/4']
haydn,op17n5-04,classical,Recursive Trajectory,0.1492533541099398,0.23184079601990049,0.3100729620471423,14.9742784992785,0.06514998837299434,"[3, 4, 5]",[],0,151,['2/4']
haydn,op17n6-01,classical,Recursive Trajectory,0.09176425598966048,0.21262626262626264,0.2749804648367294,24.818459726547964,0.04000422821807035,"[3, 4, 5]",[],0,245,['6/8']
haydn,op17n6-02,classical,Recursive Trajectory,0.1978499428908038,0.20190476190476186,0.27384529780723504,13.456349206349202,0.12318840579710146,"[3, 4, 5]",[],0,173,['3/4']
haydn,op17n6-03,classical,Recursive Trajectory,0.12358481614381436,0.18072916666666664,0.2831697117700243,22.51974079841727,0.06740557617763704,"[3, 4, 5]",[],0,195,['4/4']
haydn,op17n6-04,classical,Recursive Trajectory,0.0733425139045025,0.16591639871382635,0.29846891329265346,17.765762320754575,0.016235104669887278,"[3, 4, 5]",[],0,238,['2/4']
haydn,op20n1-01,classical,Recursive Trajectory,0.09094269927358345,0.1840909090909091,0.27606629940086386,27.50055494410725,0.03579596051201084,"[3, 4, 5]",[],0,226,['4/4']
haydn,op20n1-02,classical,Recursive Trajectory,0.15441073278485476,0.22043010752688172,0.3342793970777457,14.547172272172268,0.0673019975232865,"[3, 4, 5]",[],0,137,['3/4']
haydn,op20n1-04,classical,Recursive Trajectory,0.11339819739972531,0.21637931034482757,0.324678551606953,26.352526640026642,0.07132523390587907,"[3, 4, 5]",[],0,216,['2/4']
haydn,op20n2-01,classical,Recursive Trajectory,0.08494061660285183,0.1947286821705426,0.2766116139537908,28.215279698954447,0.030164052769308492,"[3, 4, 5]",[],0,212,['4/4']
haydn,op20n2-03,classical,Recursive Trajectory,0.15999604771675208,0.22777777777777777,0.27213888221470056,16.513967770275826,0.06590389826605976,"[3, 4, 5]",[],0,115,['3/4']
haydn,op20n2-04,classical,Recursive Trajectory,0.06314907861626036,0.19996513249651324,0.28502732924114693,32.46024289007401,0.01687005895078856,"[3, 4, 5]",[],0,239,['6/8']
haydn,op20n3-02,classical,Recursive Trajectory,0.13182012918511812,0.20700757575757578,0.3236504949053442,19.994222444222444,0.06165137614678899,"[3, 4, 5]",[],0,235,['3/4']
haydn,op20n3-03,classical,Recursive Trajectory,0.11673808003928227,0.19660766961651918,0.2560412355447188,29.22417166167166,0.08210767468499428,"[3, 4, 5]",[],0,229,['3/4']
haydn,op20n3-04,classical,Recursive Trajectory,0.09762605184237205,0.19705882352941176,0.26808552030042027,33.797317470783966,0.05295610036882823,"[3, 4, 5]",[],0,215,['4/4']
haydn,op20n4-03,classical,Recursive Trajectory,0.15311042239177572,0.2905797101449275,0.334013538429852,12.526873126873118,0.07875457875457875,"[3, 4, 5]",[],0,237,['3/4']
haydn,op20n4-04,classical,Recursive Trajectory,0.08443546655939249,0.20390070921985815,0.2983816508094157,23.709467751031237,0.02672729795250752,"[3, 4, 5]",[],0,217,['4/4']
haydn,op20n5-01,classical,Recursive Trajectory,0.08504450946677983,0.20457796852646634,0.2750202186239476,30.257808986729238,0.03515207037696071,"[3, 4, 5]",[],0,230,['4/4']
haydn,op20n5-02,classical,Recursive Trajectory,0.14606659001386296,0.20325203252032523,0.2836290802562021,24.533802308802315,0.10815916259401753,"[3, 4, 5]",[],0,171,['3/4']
haydn,op20n5-03,classical,Recursive Trajectory,0.11381956791018331,0.2248091603053435,0.2722295422523104,21.15439011242015,0.03845068756199888,"[3, 4, 5]",[],0,223,['6/8']
haydn,op20n5-04,classical,Recursive Trajectory,0.07048970989679179,0.2046774193548387,0.2980647355928911,24.572077758842468,0.025649196942875093,"[3, 4, 5]",[],0,146,['4/4']
haydn,op20n6-01,classical,Recursive Trajectory,0.07224909101321053,0.21869791666666663,0.3246711036205251,20.69670866807432,0.01443949461768838,"[3, 4, 5]",[],0,228,['6/8']
haydn,op20n6-02,classical,Recursive Trajectory,0.11013475891358272,0.21772486772486774,0.3095268126699946,29.990656565656575,0.0837833055396181,"[3, 4, 5]",[],0,230,['4/4']
haydn,op20n6-03,classical,Recursive Trajectory,0.2079078184241201,0.20384615384615384,0.2777827228097847,10.580158730158725,0.13320545609548165,"[3, 4, 5]",[],0,148,['3/4']
haydn,op20n6-04,classical,Recursive Trajectory,0.06741955447043067,0.23849206349206348,0.28364904567434157,19.252938302707648,0.011522538717794935,"[3, 4, 5]",[],0,238,['4/4']
haydn,op33n1-01,classical,Recursive Trajectory,0.11395587404914077,0.20187793427230044,0.31660964462114444,28.981865206516943,0.057629928951785196,"[3, 4, 5]",[],0,213,['4/4']
haydn,op33n1-02,classical,Recursive Trajectory,0.15125650844686314,0.24861111111111114,0.3761896394640445,14.28217893217893,0.06824178946941095,"[3, 4, 5]",[],0,118,['3/4']
haydn,op33n1-03,classical,Recursive Trajectory,0.1546015301724268,0.17803030303030304,0.26797029804471756,22.62976190476192,0.1264780721448885,"[2, 3, 7]",[],0,230,['6/8']
haydn,op33n1-04,classical,Recursive Trajectory,0.09762337982988911,0.21677148846960168,0.2862097258637535,22.90958948602139,0.0404539732854966,"[3, 4, 5]",[],0,234,['2/4']
haydn,op33n2-01,classical,Recursive Trajectory,0.10310826370393696,0.168944099378882,0.265774099346477,29.17200745983056,0.04765286176776006,"[3, 4, 5]",[],0,222,['4/4']
haydn,op33n2-02,classical,Recursive Trajectory,0.10860483727981421,0.18958333333333335,0.3291701078486969,12.371428571428561,0.03807163775625141,"[3, 4, 5]",[],0,198,['3/4']
haydn,op33n2-03,classical,Recursive Trajectory,0.13202806288822536,0.16329966329966328,0.3032213666813586,15.915512265512264,0.05333121827411167,"[3, 4, 5]",[],0,217,['3/4']
haydn,op33n3-01,classical,Recursive Trajectory,0.09844719601670832,0.18630952380952379,0.28351306332391313,29.31963951081599,0.05608653977817336,"[3, 4, 5]",[],0,205,['4/4']
haydn,op33n3-02,classical,Recursive Trajectory,0.20167200412545866,0.23382352941176468,0.38667032479935476,12.971825396825391,0.1259979173897952,"[3, 4, 5]",[],0,233,['3/4']
haydn,op33n3-03,classical,Recursive Trajectory,0.11586566139912421,0.17693452380952382,0.23858113363162087,28.47269119769121,0.09428518954988598,"[3, 4, 5]",[],0,215,['3/4']
haydn,op33n3-04,classical,Recursive Trajectory,0.11513727912930731,0.2194704049844237,0.2919250669202571,16.630902430902424,0.05032276995305164,"[3, 4, 5]",[],0,233,['2/4']
haydn,op33n4-01,classical,Recursive Trajectory,0.09673186318609144,0.191010101010101,0.3279087298348015,26.706775048496294,0.038076739580074265,"[3, 4, 5]",[],0,227,['4/4']
haydn,op33n4-02,classical,Recursive Trajectory,0.1461283186759311,0.20900900900900904,0.327090589395729,15.436000111000105,0.05523891238176953,"[3, 4, 5]",[],0,137,['3/4']
haydn,op33n4-03,classical,Recursive Trajectory,0.14696011400713704,0.21492537313432833,0.31002663646624734,19.733838383838382,0.09357679914070892,"[3, 4, 5]",[],0,231,['3/4']
haydn,op33n4-04,classical,Recursive Trajectory,0.09610530124149132,0.21333333333333332,0.28278329474222585,31.010219437425338,0.05546460662483663,"[3, 4, 5]",[],0,230,['2/4']
haydn,op33n5-01,classical,Recursive Trajectory,0.0860577087930159,0.17546494992846928,0.2714118381815185,25.122208347208353,0.03545177339110897,"[3, 4, 5]",[],0,224,['2/4']
haydn,op33n5-02,classical,Recursive Trajectory,0.12735719774476323,0.15979381443298968,0.30503019031743317,18.718253968253972,0.067422011050674,"[3, 4, 5]",[],0,229,['4/4']
haydn,op33n5-03,classical,Recursive Trajectory,0.22370633721632754,0.24055555555555555,0.38877690827641836,14.650000000000002,0.19262482821804855,"[3, 4, 5]",[],0,213,['3/4']
haydn,op33n5-04,classical,Recursive Trajectory,0.13250858855294154,0.21901709401709404,0.3130223629252877,20.368850593850592,0.07589605734767026,"[3, 4, 5]",[],0,230,['6/8']
haydn,op33n6-01,classical,Recursive Trajectory,0.08493545927929587,0.206078431372549,0.3265752125972744,18.086141941134205,0.020048574478288443,"[3, 4, 5]",[],0,224,['6/8']
haydn,op33n6-02,classical,Recursive Trajectory,0.1399162541966442,0.18289473684210528,0.2699566695762176,24.115476190476198,0.11426888229797262,"[3, 4, 5]",[],0,217,['4/4']
haydn,op33n6-03,classical,Recursive Trajectory,0.20142355008539803,0.20539215686274506,0.3110909006528193,12.885714285714284,0.13432835820895522,"[3, 4, 5]",[],0,120,['3/4']
haydn,op33n6-04,classical,Recursive Trajectory,0.13629512898630503,0.21196078431372548,0.3051022721606631,24.42848540348541,0.09732279554764761,"[3, 4, 5]",[],0,213,['2/4']
haydn,op42-01,classical,Recursive Trajectory,0.11168599031797684,0.20551724137931032,0.28373720194219365,26.18568971877795,0.058998617103990215,"[3, 4, 5]",[],0,226,['2/4']
haydn,op42-02,classical,Recursive Trajectory,0.12958253736112965,0.19737827715355805,0.3269763250072667,17.652727827727816,0.06091554396639142,"[3, 4, 5]",[],0,177,['3/4']
haydn,op42-03,classical,Recursive Trajectory,0.13470541378338158,0.1747685185185185,0.28762110001967084,17.5547841047841,0.07283435821718885,"[3, 4, 5]",[],0,153,['2/2']
haydn,op42-04,classical,Recursive Trajectory,0.12618858264923752,0.19374999999999998,0.3225585436221699,21.134058996559,0.060181181259882414,"[3, 4, 5]",[],0,215,['2/4']
haydn,op50n1-01,classical,Recursive Trajectory,0.10066760798837526,0.18824200913242006,0.24656087957696438,28.25785799698261,0.05151867863873185,"[3, 4, 5]",[],0,174,['4/4']
haydn,op50n1-02,classical,Recursive Trajectory,0.13649383640455862,0.16176470588235295,0.2386226126932249,22.811433011433024,0.08267619661374422,"[2, 3, 7]",[],0,233,['6/8']
haydn,op50n1-03,classical,Recursive Trajectory,0.11707807275669667,0.20948012232415902,0.31995656075774115,20.61703198332457,0.05696018599244405,"[3, 4, 5]",[],0,128,['3/4']
haydn,op50n1-04,classical,Recursive Trajectory,0.07681906482662874,0.1994845360824742,0.306960746483346,18.878156973745213,0.022762478485370052,"[3, 4, 5]",[],0,226,['2/4']
haydn,op50n2-01,classical,Recursive Trajectory,0.08047828037083234,0.2157676348547718,0.2964816910490479,30.05863548906336,0.031569811838870136,"[3, 4, 5]",[],0,153,['3/4']
haydn,op50n2-02,classical,Recursive Trajectory,0.09816115257803024,0.1864516129032258,0.30568042102225756,22.023404659491177,0.03361840081536955,"[3, 4, 5]",[],0,195,['4/4']
haydn,op50n2-03,classical,Recursive Trajectory,0.15094022152159062,0.22146464646464648,0.3256441496307429,18.03769841269841,0.08943676500928409,"[3, 4, 5]",[],0,211,['3/4']
haydn,op50n2-04,classical,Recursive Trajectory,0.06224014316024027,0.194550601556971,0.30861085704096647,20.427380952380958,0.01599335945141455,"[3, 4, 5]",[],0,236,['2/4']
haydn,op50n3-01,classical,Recursive Trajectory,0.10179042634084272,0.20442890442890443,0.2441353999746847,32.80371295371298,0.08217291195468346,"[3, 4, 5]",[],0,231,['6/8']
haydn,op50n3-03,classical,Recursive Trajectory,0.1450308288087379,0.2273809523809524,0.3067724691512982,16.928573121065387,0.06651134234844071,"[3, 4, 5]",[],0,234,['3/4']
haydn,op50n3-04,classical,Recursive Trajectory,0.12467684101559438,0.18018867924528303,0.24163966561110958,27.79859307359308,0.08981431124232772,"[3, 4, 5]",[],0,220,['2/4']
haydn,op50n4-01,classical,Recursive Trajectory,0.09958398071262509,0.19990196078431374,0.31323425148063094,34.03093515961169,0.06581474926253687,"[3, 4, 5]",[],0,223,['3/4']
haydn,op50n4-03,classical,Recursive Trajectory,0.14511047409711308,0.1951219512195122,0.29652611992068606,22.571256521256522,0.08769397329483941,"[3, 4, 5]",[],0,170,['3/4']
haydn,op50n4-04,classical,Recursive Trajectory,0.08716623338630093,0.1601275917065391,0.25606495689852726,27.658275058275063,0.042840991477431166,"[3, 4, 5]",[],0,237,['6/8']
haydn,op50n6-01,classical,Recursive Trajectory,0.07358854820289167,0.18970238095238093,0.2848101059944315,31.816839425498372,0.026523894709941223,"[3, 4, 5]",[],0,216,['4/4']
haydn,op50n6-02,classical,Recursive Trajectory,0.1243730449499643,0.20498442367601244,0.2666385396971097,26.880910755910758,0.07612001978199162,"[3, 4, 5]",[],0,232,['6/8']
haydn,op50n6-03,classical,Recursive Trajectory,0.11986957747924877,0.15303030303030302,0.31301789123022206,19.96554834054835,0.05695224147750387,"[3, 4, 5]",[],0,146,['3/4']
haydn,op50n6-04,classical,Recursive Trajectory,0.0754540741179364,0.1961768219832736,0.32300621868889023,24.78747918747919,0.028468838163631698,"[3, 4, 5]",[],0,233,['2/4']
haydn,op54n1-01,classical,Recursive Trajectory,0.10455616368098881,0.18264840182648404,0.2596079683024635,30.726150483503424,0.06371899136606184,"[3, 4, 5]",[],0,226,['4/4']
haydn,op54n1-02,classical,Recursive Trajectory,0.10006579973343858,0.1306140350877193,0.3137650859592469,25.019527694527707,0.04449078408564322,"[3, 4, 5]",[],0,239,['6/8']
haydn,op54n1-03,classical,Recursive Trajectory,0.13201808625062073,0.24285714285714283,0.38635985188885974,21.044777444777438,0.06933160004333225,"[3, 4, 5]",[],0,238,['3/4']
haydn,op54n1-04,classical,Recursive Trajectory,0.10967611384044015,0.2224310776942356,0.2952967807708654,27.458077971668644,0.05625697460813433,"[3, 4, 5]",[],0,223,['2/4']
haydn,op54n2-01,classical,Recursive Trajectory,0.06381400166274984,0.18125996810207332,0.2731840916835521,28.257591484023393,0.020632219097333926,"[3, 4, 5]",[],0,181,['4/4']
haydn,op54n2-03,classical,Recursive Trajectory,0.15174318962592828,0.21425120772946862,0.38045122372921686,21.270670995671008,0.10598540145985402,"[3, 4, 5]",[],0,125,['3/4']
haydn,op54n2-04,classical,Recursive Trajectory,0.08386477380555589,0.2011904761904762,0.31874716232447,20.744344544344553,0.024925224327018942,"[3, 4, 5]",[],0,236,['2/4']
haydn,op54n3-01,classical,Recursive Trajectory,0.08593122591820894,0.19114832535885168,0.24159862692315762,37.46030419150366,0.05353234508658197,"[3, 4, 5]",[],0,167,['2/2']
haydn,op54n3-02,classical,Recursive Trajectory,0.10353449497010472,0.20844748858447487,0.27815935080383686,26.22472015477236,0.048913545308666935,"[3, 4, 5]",[],0,228,['3/4']
haydn,op54n3-03,classical,Recursive Trajectory,0.18453601614252776,0.25916666666666666,0.3644313437845951,15.189682539682538,0.12921586950981226,"[3, 4, 5]",[],0,192,['3/4']
haydn,op54n3-04,classical,Recursive Trajectory,0.10907212315619005,0.23459595959595958,0.28574227159532234,24.922280497280504,0.060785119720480944,"[3, 4, 5]",[],0,229,['2/4']
haydn,op55n1-03,classical,Recursive Trajectory,0.12169576968735135,0.1953795379537954,0.3321149475641617,16.512337662337654,0.051824212271973466,"[3, 4, 5]",[],0,222,['3/4']
haydn,op55n1-04,classical,Recursive Trajectory,0.09865652888483092,0.17730263157894735,0.2560629770624184,21.974911022680608,0.03451650385922126,"[3, 4, 5]",[],0,212,['4/4']
haydn,op55n2-01,classical,Recursive Trajectory,0.08485265456744115,0.19431673052362708,0.278952007841308,40.428774904370734,0.050129840803883934,"[3, 4, 5]",[],0,237,['2/4']
haydn,op55n2-02,classical,Recursive Trajectory,0.07961477100810725,0.19153005464480874,0.25859001019328964,33.90005325479064,0.03643320716129404,"[3, 4, 5]",[],0,210,['2/2']
haydn,op55n2-03,classical,Recursive Trajectory,0.12922671062741475,0.23157051282051283,0.2838750393367062,23.557458124950383,0.06390424903923765,"[3, 4, 5]",[],0,150,['3/4']
haydn,op55n2-04,classical,Recursive Trajectory,0.07577699988230127,0.20144654088050312,0.3338111588395544,27.03850379011073,0.026847429255833416,"[3, 4, 5]",[],0,231,['6/8']
mozart,k080-01,classical,Recursive Trajectory,0.13664701978266838,0.2202222222222222,0.30549211886895405,12.466666666666665,0.05756020529016975,"[3, 4, 5]",[],0,227,['3/4']
mozart,k080-02,classical,Recursive Trajectory,0.09144686170742299,0.22162447257383966,0.270029955179428,16.041718835895598,0.02515902740621842,"[3, 4, 5]",[],0,211,['4/4']
mozart,k080-03,classical,Recursive Trajectory,0.225311195843509,0.266025641025641,0.4438796416710196,9.983333333333333,0.1474673202614379,"[3, 4, 5]","['Viola', 'Violoncello', 'Violin']",3,170,['3/4']
mozart,k080-04,classical,Recursive Trajectory,0.1160349062076299,0.17664041994750654,0.28133082461456843,22.035492285492296,0.05010746224644297,"[3, 4, 5]",[],0,160,['4/4']
mozart,k155-01,classical,Recursive Trajectory,0.11533598811881843,0.21766381766381768,0.2928435246120884,22.285714285714295,0.07085645553702742,"[3, 4, 5]",[],0,236,['4/4']
mozart,k155-02,classical,Recursive Trajectory,0.09021906444863914,0.24144385026737972,0.2935219718094469,24.772300062296768,0.028129328332035453,"[3, 4, 5]",[],0,214,['3/4']
mozart,k155-03,classical,Recursive Trajectory,0.14877719870673345,0.23706467661691544,0.28148220643102195,17.557922632922626,0.07930237215314315,"[3, 4, 5]",[],0,224,['2/4']
mozart,k156-01,classical,Recursive Trajectory,0.09411615585077972,0.20471491228070174,0.2585558896408708,30.083193337450318,0.06520868724654094,"[3, 4, 5]",[],0,229,['3/8']
mozart,k156-02,classical,Recursive Trajectory,0.09832195548359729,0.18902691511387162,0.31549312199846763,35.595260295260374,0.07849486103956632,"[3, 4, 5]",[],0,232,['4/4']
mozart,k157-01,classical,Recursive Trajectory,0.07342943288144363,0.23605442176870747,0.28615010229695476,17.909419540727587,0.019711591986452674,"[3, 4, 5]",[],0,227,['4/4']
mozart,k157-02,classical,Recursive Trajectory,0.10204979545161676,0.1964968152866242,0.29609632586858015,27.182377138685194,0.053399327914714696,"[3, 4, 5]",[],0,239,['3/8']
mozart,k157-03,classical,Recursive Trajectory,0.12113395638526275,0.23809523809523808,0.3163644511156235,19.554776757819763,0.0438158332895175,"[3, 4, 5]",[],0,215,['2/4']
mozart,k158-01,classical,Recursive Trajectory,0.07668436434045117,0.22240740740740741,0.3514524297482407,14.298124098124097,0.016770961080888443,"[3, 4, 5]",[],0,172,['3/4']
mozart,k158-03,classical,Recursive Trajectory,0.08741006564919572,0.19447077409162716,0.37307159009689467,26.094640284036576,0.03903848313788785,"[3, 4, 5]",[],0,138,['3/4']
mozart,k160-02,classical,Recursive Trajectory,0.08087725803942286,0.21736401673640166,0.32590110313504134,20.95674904770521,0.020653198021075615,"[3, 4, 5]",[],0,226,['3/4']
mozart,k160-03,classical,Recursive Trajectory,0.14909085829982408,0.24250000000000002,0.31442536548537336,16.256100843600837,0.07617734593837536,"[3, 4, 5]",[],0,192,['2/4']
mozart,k168-01,classical,Recursive Trajectory,0.07719555635963528,0.2207638888888889,0.2951651181468941,28.184752737016574,0.024807680865543597,"[3, 4, 5]",[],0,205,['4/4']
mozart,k168-02,classical,Recursive Trajectory,0.11940018059115602,0.2303030303030303,0.33579644191863267,24.796090021090023,0.0844909342036967,"[3, 4, 5]",[],0,125,['3/4']
mozart,k168-03,classical,Recursive Trajectory,0.1254078961092738,0.2299196787148594,0.3406402345920296,18.070551464359507,0.06140299094844549,"[3, 4, 5]",[],0,162,['3/4']
mozart,k169-01,classical,Recursive Trajectory,0.11735432203417526,0.22212121212121208,0.31713809490003114,17.660317460317458,0.05524052245938197,"[3, 4, 5]",[],0,214,['3/4']
mozart,k169-03,classical,Recursive Trajectory,0.1346775796718416,0.25597014925373135,0.3051555549029751,12.632092907092899,0.05371361984296534,"[3, 4, 5]",[],0,148,['3/4']
mozart,k169-04,classical,Recursive Trajectory,0.13865185168075286,0.21013513513513513,0.25327454559726004,19.86024253524254,0.08323426457961826,"[3, 4, 5]",[],0,229,['2/4']
mozart,k170-02,classical,Recursive Trajectory,0.1679735810833719,0.23124999999999998,0.28393069724744036,19.85476190476191,0.1310204435204435,"[3, 4, 5]",[],0,146,['3/4']
mozart,k170-03,classical,Recursive Trajectory,0.1841394636303132,0.20852713178294574,0.31650823241502857,16.1524531024531,0.11926977687626776,"[3, 4, 5]",[],0,185,['4/4']
mozart,k170-04,classical,Recursive Trajectory,0.0866439837016965,0.19032258064516128,0.3048426383659139,21.194205371832513,0.02286720307006048,"[3, 4, 5]",[],0,220,['2/4']
mozart,k171-01,classical,Recursive Trajectory,0.10153459058439898,0.241796875,0.2783741210228124,15.754838433429084,0.03398692810457516,"[3, 4, 5]",[],0,225,"['4/4', '3/4']"
mozart,k171-02,classical,Recursive Trajectory,0.1905175605437606,0.218018018018018,0.28804742038046693,15.270238095238094,0.14794520547945203,"[3, 4, 5]",[],0,185,['3/4']
mozart,k171-03,classical,Recursive Trajectory,0.11601677080894068,0.19292929292929295,0.29969425415025913,26.60481960849609,0.06677546350819341,"[3, 4, 5]",[],0,238,['4/4']
mozart,k171-04,classical,Recursive Trajectory,0.17862593389762674,0.28675213675213673,0.3594099905494777,13.859126984126979,0.11434906556857777,"[3, 4, 5]",[],0,216,['3/8']
mozart,k172-01,classical,Recursive Trajectory,0.08581277332070146,0.23080808080808082,0.2870847572834649,15.85765180314025,0.01908471275559883,"[3, 4, 5]",[],0,215,['3/4']
mozart,k172-02,classical,Recursive Trajectory,0.15590678833138383,0.26375661375661374,0.3355112027521373,16.363095238095234,0.08657668711656442,"[3, 4, 5]",[],0,239,['4/4']
mozart,k172-04,classical,Recursive Trajectory,0.08481953229672531,0.21082251082251083,0.33315378723185013,16.567410367410364,0.022316845647768764,"[3, 4, 5]",[],0,184,['2/4']
mozart,k173-01,classical,Recursive Trajectory,0.11393163994981809,0.1930025445292621,0.28378611285990013,31.051603951603948,0.08056966736101745,"[3, 4, 5]",[],0,197,['4/4']
mozart,k173-03,classical,Recursive Trajectory,0.1327203631051792,0.25112359550561797,0.3153549094891912,20.655667180033728,0.051291222074300744,"[3, 4, 5]",[],0,173,['3/4']
mozart,k173-04,classical,Recursive Trajectory,0.07514790100303194,0.20974945533769065,0.3384781555326652,25.955473724836427,0.023949290715349236,"[3, 4, 5]",[],0,193,['4/4']
mozart,k285-01,classical,Recursive Trajectory,0.09582559545048223,0.2413214990138067,0.28266695644398643,27.399101911987344,0.03777660885871115,"[3, 4, 5]",[],0,224,['4/4']
mozart,k285-02,classical,Recursive Trajectory,0.13919489494320372,0.1638157894736842,0.28383621232912104,20.979112554112564,0.0919046633554084,"[3, 4, 5]",[],0,239,['3/4']
mozart,k285-03,classical,Recursive Trajectory,0.07211727041774726,0.21164383561643835,0.27181625719518454,21.222587517017068,0.016413360868350376,"[3, 4, 5]",[],0,239,['2/4']
mozart,k298-01,classical,Recursive Trajectory,0.1201583390102912,0.20404040404040402,0.25901628659826065,22.294254356754355,0.06780426847779276,"[3, 4, 5]",[],0,233,['2/2']
mozart,k298-02,classical,Recursive Trajectory,0.18291041919376072,0.19895833333333332,0.30818794484216866,15.200432900432899,0.09762516046213093,"[3, 4, 5]",[],0,231,['3/4']
mozart,k298-03,classical,Recursive Trajectory,0.11432257580390658,0.20583333333333334,0.28786505199074924,20.73052412029126,0.04361090194921635,"[3, 4, 5]",[],0,229,['2/4']
mozart,k370-01,classical,Recursive Trajectory,0.08380884628307769,0.19128943758573388,0.3187339701562887,24.256536688099168,0.024239035470906868,"[3, 4, 5]",[],0,214,['4/4']
mozart,k370-02,classical,Recursive Trajectory,0.14339969837445618,0.2087837837837838,0.34765168805404,16.615873015873014,0.07628025829621189,"[3, 4, 5]",[],0,215,['3/4']
mozart,k387-01,classical,Recursive Trajectory,0.06497730652530308,0.20495750708215296,0.2632943273807838,39.20815638265447,0.030862149371946698,"[3, 4, 5]",[],0,218,['4/4']
mozart,k387-02,classical,Recursive Trajectory,0.11526846765471607,0.22538461538461535,0.28756107379703805,29.16021305753372,0.056960075577096855,"[3, 4, 5]",[],0,160,['3/4']
mozart,k387-03,classical,Recursive Trajectory,0.11067063708825665,0.23057471264367818,0.25747405158854814,30.19579183188252,0.06034555513196224,"[3, 4, 5]",[],0,216,['3/4']
mozart,k387-04,classical,Recursive Trajectory,0.069451317497881,0.22332389046270065,0.28495736879629346,29.50837631993143,0.015753455933007608,"[3, 4, 5]",[],0,140,['4/4']
mozart,k421-01,classical,Recursive Trajectory,0.08711262375491258,0.17799736495388668,0.24622618495115364,40.95739301548141,0.05839588823371566,"[3, 4, 5]",[],0,209,['4/4']
mozart,k421-02,classical,Recursive Trajectory,0.13209053497875056,0.22078651685393258,0.3063789969847065,21.829110595287062,0.07491680210510022,"[3, 4, 5]",[],0,216,['6/8']
mozart,k421-03,classical,Recursive Trajectory,0.15140887597780575,0.19106280193236716,0.2692411267584093,22.215476190476192,0.11926439864847437,"[3, 4, 5]",[],0,158,['3/4']
mozart,k421-04,classical,Recursive Trajectory,0.07803695799934901,0.16923076923076924,0.2926582471272776,26.52562478371302,0.03470743332319238,"[3, 4, 5]",[],0,208,['6/8']
mozart,k428-01,classical,Recursive Trajectory,0.10204201266356369,0.18464285714285716,0.24934705090189238,33.75725108225113,0.08844303455599958,"[2, 3, 7]",[],0,195,['2/2']
mozart,k428-02,classical,Recursive Trajectory,0.10143441337944521,0.19723991507430996,0.25023982901702785,34.80133616383622,0.08149978901681837,"[3, 4, 5]",[],0,235,['6/8']
mozart,k428-03,classical,Recursive Trajectory,0.16487545524877864,0.19515151515151513,0.2706927160298839,17.973448773448773,0.10289343683839097,"[3, 4, 5]",[],0,225,['3/4']
mozart,k458-01,classical,Recursive Trajectory,0.07608671510528182,0.20529010238907852,0.28750803278892667,28.329978933188844,0.027570528886318363,"[3, 4, 5]",[],0,214,['6/8']
mozart,k458-02,classical,Recursive Trajectory,0.11660143596208986,0.25615615615615617,0.3026063511984105,23.4796901627784,0.06595845885524021,"[3, 4, 5]",[],0,203,['3/4']
mozart,k458-03,classical,Recursive Trajectory,0.08692447781582724,0.2259162303664921,0.3119048795348406,26.937226951052676,0.032448854852047605,"[3, 4, 5]",[],0,230,['4/4']
mozart,k464-02,classical,Recursive Trajectory,0.1372575381984032,0.22039215686274508,0.32571400549044377,18.418326118326124,0.06819935916925883,"[3, 4, 5]",[],0,177,['3/4']
mozart,k464-03,classical,Recursive Trajectory,0.07086267513843833,0.2154419595314164,0.2744931336314802,33.67834171940912,0.024836612980385902,"[3, 4, 5]",[],0,218,['2/4']
mozart,k464-04,classical,Recursive Trajectory,0.06622071754058012,0.16686507936507936,0.2763597682255649,39.229630092130236,0.026570387795869746,"[3, 4, 5]",[],0,209,['2/2']
mozart,k465-01,classical,Recursive Trajectory,0.06127172017127625,0.1941025641025641,0.2860839693456654,42.63240475529153,0.02706393791381435,"[3, 4, 5]",[],0,226,"['4/4', '3/4']"
mozart,k465-02,classical,Recursive Trajectory,0.1072705104155514,0.19015748031496063,0.26650780847503164,29.721625596625593,0.0733929685874766,"[3, 4, 5]",[],0,234,['3/4']
mozart,k465-03,classical,Recursive Trajectory,0.11020707851243962,0.16719160104986877,0.2740217543001891,30.001620601620594,0.08560844221322304,"[3, 4, 5]",[],0,225,['3/4']
mozart,k465-04,classical,Recursive Trajectory,0.06319845523380332,0.22355242566510172,0.3110231777012234,26.908682180333194,0.01598907734923946,"[3, 4, 5]",[],0,230,['2/4']
mozart,k499-01,classical,Recursive Trajectory,0.07932331278366471,0.18593919652551572,0.3029632925349411,25.863894083661226,0.022359554872861453,"[3, 4, 5]",[],0,205,['2/2']
mozart,k499-03,classical,Recursive Trajectory,0.10173413391289782,0.18118908382066276,0.27240881060509553,32.024757998952076,0.05377584589963827,"[3, 4, 5]",[],0,232,['3/4']
mozart,k499-04,classical,Recursive Trajectory,0.07072265030336768,0.19648362235067438,0.24464686237695274,44.23209935377763,0.035038722903682006,"[3, 4, 5]",[],0,185,['2/4']
mozart,k575-02,classical,Recursive Trajectory,0.11718372640333333,0.19449838187702265,0.23604507158524707,22.16365101187083,0.06794005289450485,"[3, 4, 5]",[],0,223,['3/4']
mozart,k575-03,classical,Recursive Trajectory,0.09728226125177755,0.19362139917695473,0.31157466177336,22.294501700272722,0.030135476527903885,"[3, 4, 5]",[],0,231,['3/4']
mozart,k589-01,classical,Recursive Trajectory,0.0802739508922387,0.1886231884057971,0.24861598152117603,38.08589126432726,0.05141788688672789,"[3, 4, 5]",[],0,189,['3/4']
mozart,k589-03,classical,Recursive Trajectory,0.09450330800689939,0.2646825396825397,0.3409029227661684,24.180380055960562,0.04343596701805656,"[3, 4, 5]",[],0,227,['3/4']
mozart,k589-04,classical,Recursive Trajectory,0.09712355420552152,0.19774999999999998,0.27061869203190975,33.76065185942105,0.04243293140932708,"[3, 4, 5]",[],0,231,['6/8']
mozart,k590-01,classical,Recursive Trajectory,0.07595233846277474,0.20181924882629107,0.287699311231796,30.434729872810376,0.034626370677095314,"[3, 4, 5]",[],0,222,['4/4']
mozart,k590-02,classical,Recursive Trajectory,0.10366185500470809,0.21908212560386472,0.24766581732089693,31.55141108891109,0.07791199667911997,"[3, 4, 5]",[],0,229,['6/8']
mozart,k590-03,classical,Recursive Trajectory,0.11487371106314187,0.24330808080808075,0.3258778043312561,19.090115440115447,0.0463967096211034,"[3, 4, 5]",[],0,203,['3/4']
mozart,k590-04,classical,Recursive Trajectory,0.07843484473320776,0.19694835680751172,0.2515965638918869,38.41221588756554,0.03468822222915215,"[3, 4, 5]",[],0,235,['2/4']
